timestamp,price,volume,high,low
2025-03-04 18:52:46.818128,86351.92,59585.21069,87724.13,81500.0
2025-03-04 18:52:47.983372,86358.49,59584.8312,87724.13,81500.0
2025-03-04 18:52:49.152765,86374.96,59583.82792,87724.13,81500.0
2025-03-04 18:52:50.317326,86387.0,59584.34885,87724.13,81500.0
2025-03-04 18:52:51.481734,86373.18,59584.67973,87724.13,81500.0
2025-03-04 18:52:52.645864,86349.57,59587.78047,87724.13,81500.0
2025-03-04 18:52:53.810420,86343.07,59587.42842,87724.13,81500.0
2025-03-04 18:52:54.976494,86338.52,59584.57157,87724.13,81500.0
2025-03-04 18:52:56.141985,86356.34,59584.65831,87724.13,81500.0
2025-03-04 18:52:58.311169,86346.68,59584.74161,87724.13,81500.0
2025-03-04 18:52:59.482429,86333.31,59584.35699,87724.13,81500.0
2025-03-04 18:53:00.646843,86321.81,59579.91033,87724.13,81500.0
2025-03-04 18:53:01.813871,86323.16,59579.75847,87724.13,81500.0
2025-03-04 18:53:02.984307,86319.47,59579.69474,87724.13,81500.0
2025-03-04 18:53:04.153505,86317.77,59575.64252,87724.13,81500.0
2025-03-04 18:53:05.326178,86317.76,59573.19125,87724.13,81500.0
2025-03-04 18:53:06.495999,86323.37,59574.1974,87724.13,81500.0
2025-03-04 18:53:07.666756,86321.82,59578.42273,87724.13,81500.0
2025-03-04 18:53:08.838824,86354.22,59578.09783,87724.13,81500.0
2025-03-04 18:53:10.004936,86392.67,59577.98432,87724.13,81500.0
2025-03-04 18:53:11.174073,86372.11,59576.94699,87724.13,81500.0
2025-03-04 18:53:12.339940,86350.32,59576.73465,87724.13,81500.0
2025-03-04 18:53:13.504219,86347.03,59571.67687,87724.13,81500.0
2025-03-04 18:53:14.671532,86336.89,59571.4053,87724.13,81500.0
2025-03-04 18:53:15.836318,86322.72,59571.57952,87724.13,81500.0
2025-03-04 18:53:17.003410,86331.96,59571.31188,87724.13,81500.0
2025-03-04 18:53:18.169908,86350.28,59572.36889,87724.13,81500.0
2025-03-04 18:53:19.334307,86381.32,59571.64058,87724.13,81500.0
2025-03-04 18:53:20.503872,86388.31,59571.92959,87724.13,81500.0
2025-03-04 18:53:21.672026,86399.99,59576.19442,87724.13,81500.0
2025-03-04 18:53:22.844922,86408.72,59577.56457,87724.13,81500.0
2025-03-04 18:53:24.011869,86411.52,59576.8566,87724.13,81500.0
2025-03-04 18:53:25.181910,86411.52,59576.44179,87724.13,81500.0
2025-03-04 18:53:26.345566,86399.48,59577.12596,87724.13,81500.0
2025-03-04 18:53:27.514447,86390.52,59576.85758,87724.13,81500.0
2025-03-04 18:53:28.688353,86385.36,59576.69327,87724.13,81500.0
2025-03-04 18:53:29.856339,86384.99,59576.36096,87724.13,81500.0
2025-03-04 18:53:31.013994,86379.83,59577.72952,87724.13,81500.0
2025-03-04 18:53:32.182136,86415.74,59577.97728,87724.13,81500.0
2025-03-04 18:53:33.344722,86407.59,59579.00712,87724.13,81500.0
2025-03-04 18:53:34.516411,86412.76,59579.04013,87724.13,81500.0
2025-03-04 18:53:35.684745,86408.74,59577.79401,87724.13,81500.0
2025-03-04 18:53:36.847839,86399.41,59577.74453,87724.13,81500.0
2025-03-04 18:53:38.016835,86399.41,59577.1597,87724.13,81500.0
2025-03-04 18:53:39.182095,86399.41,59577.29054,87724.13,81500.0
2025-03-04 18:53:40.358320,86394.43,59577.73072,87724.13,81500.0
2025-03-04 18:53:41.529690,86394.42,59576.80792,87724.13,81500.0
2025-03-04 18:53:42.699323,86389.49,59575.96879,87724.13,81500.0
2025-03-04 18:53:43.865410,86399.05,59575.54105,87724.13,81500.0
2025-03-04 18:53:45.028264,86399.06,59575.14202,87724.13,81500.0
2025-03-04 18:53:46.194068,86399.05,59574.54073,87724.13,81500.0
2025-03-04 18:53:47.363167,86398.72,59575.55894,87724.13,81500.0
2025-03-04 18:53:48.527183,86398.72,59575.24621,87724.13,81500.0
2025-03-04 18:53:49.697804,86416.67,59575.42006,87724.13,81500.0
2025-03-04 18:53:50.865578,86429.99,59575.19965,87724.13,81500.0
2025-03-04 18:53:52.032055,86437.35,59585.18745,87724.13,81500.0
2025-03-04 18:53:53.196209,86438.99,59583.85409,87724.13,81500.0
2025-03-04 18:53:54.360130,86418.17,59584.34672,87724.13,81500.0
2025-03-04 18:53:55.528155,86411.5,59583.7764,87724.13,81500.0
2025-03-04 18:53:56.696988,86426.83,59589.54847,87724.13,81500.0
2025-03-04 18:53:57.990825,86415.13,59598.16793,87724.13,81500.0
2025-03-04 18:53:59.158350,86406.56,59597.79297,87724.13,81500.0
2025-03-04 18:54:00.328885,86418.4,59596.4957,87724.13,81500.0
2025-03-04 18:54:01.497120,86403.08,59595.83882,87724.13,81500.0
2025-03-04 18:54:02.664170,86395.92,59595.70553,87724.13,81500.0
2025-03-04 18:54:03.830851,86381.83,59594.80632,87724.13,81500.0
2025-03-04 18:54:05.000428,86363.11,59594.99611,87724.13,81500.0
2025-03-04 18:54:06.170302,86372.19,59599.30969,87724.13,81500.0
2025-03-04 18:54:07.336675,86355.52,59599.81857,87724.13,81500.0
2025-03-04 18:54:08.501785,86333.32,59600.69438,87724.13,81500.0
2025-03-04 18:54:09.667947,86328.74,59599.6969,87724.13,81500.0
2025-03-04 18:54:10.832628,86338.71,59594.02935,87724.13,81500.0
2025-03-04 18:54:12.001189,86346.14,59592.189,87724.13,81500.0
2025-03-04 18:54:13.171347,86329.11,59590.84927,87724.13,81500.0
2025-03-04 18:54:14.325651,86337.74,59591.45111,87724.13,81500.0
2025-03-04 18:54:15.495470,86344.97,59592.2427,87724.13,81500.0
2025-03-04 18:54:16.661651,86350.14,59592.42275,87724.13,81500.0
2025-03-04 18:54:17.830526,86338.0,59592.77648,87724.13,81500.0
2025-03-04 18:54:18.991027,86338.01,59591.80218,87724.13,81500.0
2025-03-04 18:54:20.157416,86324.64,59592.46263,87724.13,81500.0
2025-03-04 18:54:21.324278,86337.64,59592.16976,87724.13,81500.0
2025-03-04 18:54:22.489446,86389.31,59593.47488,87724.13,81500.0
2025-03-04 18:54:23.656616,86376.54,59593.67519,87724.13,81500.0
2025-03-04 18:54:24.825458,86378.12,59592.76145,87724.13,81500.0
2025-03-04 18:54:25.994654,86394.89,59593.53891,87724.13,81500.0
2025-03-04 18:54:27.158955,86409.91,59593.41331,87724.13,81500.0
2025-03-04 18:54:28.327329,86418.18,59593.14032,87724.13,81500.0
2025-03-04 18:54:29.494485,86424.85,59591.60377,87724.13,81500.0
2025-03-04 18:54:30.661217,86410.16,59591.33842,87724.13,81500.0
2025-03-04 18:54:31.816598,86408.44,59590.82195,87724.13,81500.0
2025-03-04 18:54:32.983570,86427.29,59590.02602,87724.13,81500.0
2025-03-04 18:54:34.153468,86443.98,59590.75155,87724.13,81500.0
2025-03-04 18:54:35.324552,86448.0,59590.89875,87724.13,81500.0
2025-03-04 18:54:36.495387,86452.93,59590.28048,87724.13,81500.0
2025-03-04 18:54:37.660441,86446.29,59590.91918,87724.13,81500.0
2025-03-04 18:54:38.829632,86439.52,59590.59146,87724.13,81500.0
2025-03-04 18:54:39.995877,86438.21,59587.6836,87724.13,81500.0
2025-03-04 18:54:41.162174,86438.21,59587.64336,87724.13,81500.0
2025-03-04 18:54:42.331690,86438.22,59584.26459,87724.13,81500.0
2025-03-04 18:54:43.485064,86452.57,59583.5853,87724.13,81500.0
2025-03-04 18:54:44.651226,86452.56,59583.15725,87724.13,81500.0
2025-03-04 18:54:45.821690,86452.56,59582.37688,87724.13,81500.0
2025-03-04 18:54:46.980872,86455.57,59582.51683,87724.13,81500.0
2025-03-04 18:54:48.147495,86440.19,59582.91488,87724.13,81500.0
2025-03-04 18:54:49.309153,86439.44,59582.88929,87724.13,81500.0
2025-03-04 18:54:50.477852,86436.45,59582.49269,87724.13,81500.0
2025-03-04 18:54:51.645357,86436.44,59581.97726,87724.13,81500.0
2025-03-04 18:54:52.811907,86409.56,59582.84333,87724.13,81500.0
2025-03-04 18:54:53.978759,86408.71,59582.99184,87724.13,81500.0
2025-03-04 18:54:55.146414,86408.7,59583.06462,87724.13,81500.0
2025-03-04 18:54:56.313063,86402.98,59578.0742,87724.13,81500.0
2025-03-04 18:54:57.482711,86387.4,59576.41188,87724.13,81500.0
2025-03-04 18:54:58.648774,86387.4,59573.67243,87724.13,81500.0
2025-03-04 18:54:59.820379,86370.59,59573.96201,87724.13,81500.0
2025-03-04 18:55:00.984477,86379.99,59570.19788,87724.13,81500.0
2025-03-04 18:55:02.149934,86376.03,59569.42603,87724.13,81500.0
2025-03-04 18:55:03.315702,86386.75,59565.66572,87724.13,81500.0
2025-03-04 18:55:04.484117,86409.47,59566.88287,87724.13,81500.0
2025-03-04 18:55:05.645652,86418.39,59565.91839,87724.13,81500.0
2025-03-04 18:55:06.810823,86423.56,59565.0496,87724.13,81500.0
2025-03-04 18:55:07.977964,86443.96,59564.42922,87724.13,81500.0
2025-03-04 18:55:09.142574,86443.96,59563.64393,87724.13,81500.0
2025-03-04 18:55:10.310128,86447.38,59563.1173,87724.13,81500.0
2025-03-04 18:55:11.471780,86435.98,59563.04312,87724.13,81500.0
2025-03-04 18:55:12.637018,86442.19,59561.02049,87724.13,81500.0
2025-03-04 18:55:13.799172,86444.98,59559.2224,87724.13,81500.0
2025-03-04 18:55:14.963784,86432.09,59558.85726,87724.13,81500.0
2025-03-04 18:55:16.132310,86458.16,59558.23097,87724.13,81500.0
2025-03-04 18:55:17.300179,86458.32,59557.31335,87724.13,81500.0
2025-03-04 18:55:18.467579,86452.78,59557.25693,87724.13,81500.0
2025-03-04 18:55:19.632534,86444.13,59556.15884,87724.13,81500.0
2025-03-04 18:55:20.803672,86443.7,59555.85019,87724.13,81500.0
2025-03-04 18:55:21.981881,86435.36,59556.32494,87724.13,81500.0
2025-03-04 18:55:23.142204,86435.36,59553.15866,87724.13,81500.0
2025-03-04 18:55:24.306204,86433.4,59500.46754,87724.13,81500.0
2025-03-04 18:55:25.461160,86415.34,59499.57954,87724.13,81500.0
2025-03-04 18:55:26.627012,86413.82,59499.30147,87724.13,81500.0
2025-03-04 18:55:27.792586,86436.5,59500.13899,87724.13,81500.0
2025-03-04 18:55:28.961365,86435.33,59499.3837,87724.13,81500.0
2025-03-04 18:55:30.127386,86462.82,59501.83384,87724.13,81500.0
2025-03-04 18:55:31.292279,86451.1,59450.39058,87724.13,81500.0
2025-03-04 18:55:32.463410,86462.91,59451.47788,87724.13,81500.0
2025-03-04 18:55:33.635604,86462.27,59450.85283,87724.13,81500.0
2025-03-04 18:55:34.803976,86457.69,59450.67977,87724.13,81500.0
2025-03-04 18:55:35.970220,86450.48,59450.05699,87724.13,81500.0
2025-03-04 18:55:37.136246,86481.79,59454.76685,87724.13,81500.0
2025-03-04 18:55:38.300227,86471.26,59454.12545,87724.13,81500.0
2025-03-04 18:55:39.455677,86467.32,59452.97054,87724.13,81500.0
2025-03-04 18:55:40.622171,86467.32,59452.98358,87724.13,81500.0
2025-03-04 18:55:41.799177,86468.34,59454.40156,87724.13,81500.0
2025-03-04 18:55:42.965560,86463.16,59454.4479,87724.13,81500.0
2025-03-04 18:55:44.129169,86468.33,59454.42662,87724.13,81500.0
2025-03-04 18:55:45.303547,86476.97,59452.55554,87724.13,81500.0
2025-03-04 18:55:46.471996,86476.97,59450.5429,87724.13,81500.0
2025-03-04 18:55:47.642798,86476.97,59449.94845,87724.13,81500.0
2025-03-04 18:55:48.811946,86476.97,59449.50726,87724.13,81500.0
2025-03-04 18:55:49.979177,86471.27,59449.52268,87724.13,81500.0
2025-03-04 18:55:51.145352,86474.11,59446.47356,87724.13,81500.0
2025-03-04 18:55:52.309215,86492.8,59422.60188,87724.13,81500.0
2025-03-04 18:55:53.476472,86499.97,59423.41987,87724.13,81500.0
2025-03-04 18:55:54.646436,86500.0,59426.5562,87724.13,81500.0
2025-03-04 18:55:55.815840,86500.0,59426.03692,87724.13,81500.0
2025-03-04 18:55:56.982269,86500.0,59425.25959,87724.13,81500.0
2025-03-04 18:55:58.174389,86500.0,59425.35738,87724.13,81500.0
2025-03-04 18:55:59.343301,86500.0,59419.02714,87724.13,81500.0
2025-03-04 18:56:00.513565,86500.0,59424.31595,87724.13,81500.0
2025-03-04 18:56:01.681713,86495.56,59425.17041,87724.13,81500.0
2025-03-04 18:56:02.837495,86500.0,59425.43871,87724.13,81500.0
2025-03-04 18:56:04.009496,86542.08,59441.64364,87724.13,81500.0
2025-03-04 18:56:05.178254,86522.64,59440.82822,87724.13,81500.0
2025-03-04 18:56:06.349491,86500.01,59441.01113,87724.13,81500.0
2025-03-04 18:56:07.520955,86538.24,59443.81714,87724.13,81500.0
2025-03-04 18:56:08.696194,86549.09,59440.8306,87724.13,81500.0
2025-03-04 18:56:09.865036,86549.1,59437.1248,87724.13,81500.0
2025-03-04 18:56:11.031232,86551.0,59435.94108,87724.13,81500.0
2025-03-04 18:56:12.195473,86552.41,59420.67045,87724.13,81500.0
2025-03-04 18:56:13.361283,86553.84,59416.48401,87724.13,81500.0
2025-03-04 18:56:14.530745,86555.43,59414.94867,87724.13,81500.0
2025-03-04 18:56:15.701098,86544.47,59416.97624,87724.13,81500.0
2025-03-04 18:56:16.868929,86580.0,59476.40512,87724.13,81500.0
2025-03-04 18:56:18.041839,86600.0,59479.77623,87724.13,81500.0
2025-03-04 18:56:19.215043,86615.37,59482.5203,87724.13,81500.0
2025-03-04 18:56:20.384859,86633.12,59492.35003,87724.13,81500.0
2025-03-04 18:56:21.552450,86619.08,59442.9147,87724.13,81500.0
2025-03-04 18:56:22.720292,86619.08,59439.45575,87724.13,81500.0
2025-03-04 18:56:23.890138,86611.96,59439.70146,87724.13,81500.0
2025-03-04 18:56:25.058269,86630.22,59439.87685,87724.13,81500.0
2025-03-04 18:56:26.214309,86636.83,59437.69458,87724.13,81500.0
2025-03-04 18:56:27.386108,86621.92,59436.84812,87724.13,81500.0
2025-03-04 18:56:28.553056,86616.04,59433.32995,87724.13,81500.0
2025-03-04 18:56:29.725058,86621.99,59433.19847,87724.13,81500.0
2025-03-04 18:56:30.894513,86626.63,59423.69658,87724.13,81500.0
2025-03-04 18:56:32.069674,86626.63,59411.08349,87724.13,81500.0
2025-03-04 18:56:33.237493,86636.83,59409.87068,87724.13,81500.0
2025-03-04 18:56:34.403075,86651.78,59410.16804,87724.13,81500.0
2025-03-04 18:56:35.576026,86665.82,59411.6668,87724.13,81500.0
2025-03-04 18:56:36.746635,86675.3,59413.70049,87724.13,81500.0
2025-03-04 18:56:37.905325,86687.5,59413.05469,87724.13,81500.0
2025-03-04 18:56:39.074189,86699.99,59414.7924,87724.13,81500.0
2025-03-04 18:56:40.243177,86716.66,59415.91426,87724.13,81500.0
2025-03-04 18:56:41.410050,86722.18,59414.87905,87724.13,81500.0
2025-03-04 18:56:42.579349,86714.04,59410.7383,87724.13,81500.0
2025-03-04 18:56:43.735446,86718.88,59412.24863,87724.13,81500.0
2025-03-04 18:56:44.905005,86715.94,59414.43133,87724.13,81500.0
2025-03-04 18:56:46.073334,86715.94,59411.84391,87724.13,81500.0
2025-03-04 18:56:47.245462,86721.66,59406.78829,87724.13,81500.0
2025-03-04 18:56:48.417077,86708.18,59407.52228,87724.13,81500.0
2025-03-04 18:56:49.585490,86716.31,59407.16676,87724.13,81500.0
2025-03-04 18:56:50.751043,86752.25,59413.36011,87724.13,81500.0
2025-03-04 18:56:51.919237,86785.7,59414.71526,87724.13,81500.0
2025-03-04 18:56:53.087071,86782.96,59414.5992,87724.13,81500.0
2025-03-04 18:56:54.254614,86782.96,59413.53809,87724.13,81500.0
2025-03-04 18:56:55.425346,86787.99,59412.47364,87724.13,81500.0
2025-03-04 18:56:56.588829,86789.77,59414.16619,87724.13,81500.0
2025-03-04 18:56:57.760824,86789.77,59414.20206,87724.13,81500.0
2025-03-04 18:56:58.927798,86803.77,59417.76279,87724.13,81500.0
2025-03-04 18:57:00.097691,86792.84,59420.04879,87724.13,81500.0
2025-03-04 18:57:01.263040,86775.13,59417.40913,87724.13,81500.0
2025-03-04 18:57:02.432928,86773.58,59414.99337,87724.13,81500.0
2025-03-04 18:57:03.603157,86753.73,59415.71454,87724.13,81500.0
2025-03-04 18:57:04.772235,86743.59,59415.01345,87724.13,81500.0
2025-03-04 18:57:05.937389,86742.44,59418.51489,87724.13,81500.0
2025-03-04 18:57:07.107358,86742.53,59416.47671,87724.13,81500.0
2025-03-04 18:57:08.265662,86724.7,59416.42535,87724.13,81500.0
2025-03-04 18:57:09.435887,86672.56,59432.65696,87724.13,81500.0
2025-03-04 18:57:10.635420,86662.64,59433.05098,87724.13,81500.0
2025-03-04 18:57:11.791332,86660.66,59432.76957,87724.13,81500.0
2025-03-04 18:57:12.957123,86672.13,59432.231,87724.13,81500.0
2025-03-04 18:57:14.127059,86683.04,59432.52148,87724.13,81500.0
2025-03-04 18:57:15.298535,86682.04,59429.69862,87724.13,81500.0
2025-03-04 18:57:16.470240,86720.09,59430.54167,87724.13,81500.0
2025-03-04 18:57:17.642195,86721.94,59431.78731,87724.13,81500.0
2025-03-04 18:57:18.811434,86766.1,59432.71995,87724.13,81500.0
2025-03-04 18:57:19.983789,86803.51,59447.1666,87724.13,81500.0
2025-03-04 18:57:21.149792,86834.38,59447.27813,87724.13,81500.0
2025-03-04 18:57:22.319852,86821.81,59447.44275,87724.13,81500.0
2025-03-04 18:57:23.487190,86825.51,59447.55074,87724.13,81500.0
2025-03-04 18:57:24.654529,86838.99,59448.98927,87724.13,81500.0
2025-03-04 18:57:25.819032,86834.04,59449.65069,87724.13,81500.0
2025-03-04 18:57:26.984170,86827.88,59449.03011,87724.13,81500.0
2025-03-04 18:57:28.154029,86809.33,59464.71799,87724.13,81500.0
2025-03-04 18:57:29.322273,86834.7,59468.92999,87724.13,81500.0
2025-03-04 18:57:30.497511,86848.76,59470.88674,87724.13,81500.0
2025-03-04 18:57:31.666726,86849.04,59470.38462,87724.13,81500.0
2025-03-04 18:57:32.835355,86813.27,59485.07765,87724.13,81500.0
2025-03-04 18:57:34.001024,86812.1,59486.49068,87724.13,81500.0
2025-03-04 18:57:35.177121,86808.74,59484.39679,87724.13,81500.0
2025-03-04 18:57:36.344245,86800.01,59481.02991,87724.13,81500.0
2025-03-04 18:57:37.499610,86817.35,59481.81787,87724.13,81500.0
2025-03-04 18:57:38.663941,86853.32,59482.87684,87724.13,81500.0
2025-03-04 18:57:39.829597,86853.32,59482.33164,87724.13,81500.0
2025-03-04 18:57:41.000818,86853.32,59481.82341,87724.13,81500.0
2025-03-04 18:57:42.163525,86838.77,59482.27151,87724.13,81500.0
2025-03-04 18:57:43.327965,86852.42,59482.64575,87724.13,81500.0
2025-03-04 18:57:44.500746,86842.0,59483.66115,87724.13,81500.0
2025-03-04 18:57:45.668163,86841.99,59483.4426,87724.13,81500.0
2025-03-04 18:57:46.837932,86854.95,59484.05554,87724.13,81500.0
2025-03-04 18:57:48.003795,86859.62,59486.81411,87724.13,81500.0
2025-03-04 18:57:49.169531,86859.62,59486.78013,87724.13,81500.0
2025-03-04 18:57:50.336017,86859.62,59486.85309,87724.13,81500.0
2025-03-04 18:57:51.508020,86862.92,59486.58956,87724.13,81500.0
2025-03-04 18:57:52.665051,86889.94,59504.9774,87724.13,81500.0
2025-03-04 18:57:53.835030,86894.81,59505.0815,87724.13,81500.0
2025-03-04 18:57:55.004763,86900.0,59504.65717,87724.13,81500.0
2025-03-04 18:57:56.173597,86900.0,59504.60246,87724.13,81500.0
2025-03-04 18:57:57.339938,86891.04,59505.39396,87724.13,81500.0
2025-03-04 18:57:58.514073,86899.99,59505.7114,87724.13,81500.0
2025-03-04 18:57:59.679639,86894.34,59504.89887,87724.13,81500.0
2025-03-04 18:58:00.843994,86871.28,59503.45907,87724.13,81500.0
2025-03-04 18:58:02.015221,86884.0,59504.93185,87724.13,81500.0
2025-03-04 18:58:03.186966,86868.66,59504.74734,87724.13,81500.0
2025-03-04 18:58:04.356411,86884.64,59504.34118,87724.13,81500.0
2025-03-04 18:58:05.525246,86889.36,59503.58799,87724.13,81500.0
2025-03-04 18:58:06.687029,86905.21,59501.30799,87724.13,81500.0
2025-03-04 18:58:07.860406,86907.23,59502.89983,87724.13,81500.0
2025-03-04 18:58:09.029265,86907.23,59502.65275,87724.13,81500.0
2025-03-04 18:58:10.196160,86912.76,59501.02813,87724.13,81500.0
2025-03-04 18:58:11.363669,86912.75,59500.88839,87724.13,81500.0
2025-03-04 18:58:12.530467,86901.11,59500.60579,87724.13,81500.0
2025-03-04 18:58:13.711057,86875.07,59499.07325,87724.13,81500.0
2025-03-04 18:58:14.882596,86863.22,59500.13669,87724.13,81500.0
2025-03-04 18:58:16.049317,86855.45,59500.23599,87724.13,81500.0
2025-03-04 18:58:17.219395,86833.22,59501.28491,87724.13,81500.0
2025-03-04 18:58:18.383750,86827.4,59501.22199,87724.13,81500.0
2025-03-04 18:58:19.555045,86828.7,59500.69424,87724.13,81500.0
2025-03-04 18:58:20.722100,86818.31,59498.32645,87724.13,81500.0
2025-03-04 18:58:21.886796,86823.31,59499.72209,87724.13,81500.0
2025-03-04 18:58:23.054746,86815.84,59502.03661,87724.13,81500.0
2025-03-04 18:58:24.223662,86837.19,59502.56086,87724.13,81500.0
2025-03-04 18:58:25.397552,86867.97,59507.38649,87724.13,81500.0
2025-03-04 18:58:26.564598,86864.59,59506.73343,87724.13,81500.0
2025-03-04 18:58:27.734342,86843.98,59505.95571,87724.13,81500.0
2025-03-04 18:58:28.909131,86818.36,59508.37593,87724.13,81500.0
2025-03-04 18:58:30.078158,86842.65,59508.85878,87724.13,81500.0
2025-03-04 18:58:31.249957,86844.44,59507.93238,87724.13,81500.0
2025-03-04 18:58:32.423715,86836.92,59506.84427,87724.13,81500.0
2025-03-04 18:58:33.583336,86829.98,59506.54816,87724.13,81500.0
2025-03-04 18:58:34.751788,86825.95,59506.07879,87724.13,81500.0
2025-03-04 18:58:35.920537,86835.44,59512.50319,87724.13,81500.0
2025-03-04 18:58:37.089779,86849.26,59513.34951,87724.13,81500.0
2025-03-04 18:58:38.258166,86837.64,59510.99761,87724.13,81500.0
2025-03-04 18:58:39.415711,86849.2,59509.18372,87724.13,81500.0
2025-03-04 18:58:40.584327,86849.19,59508.1283,87724.13,81500.0
2025-03-04 18:58:41.747746,86849.2,59507.20547,87724.13,81500.0
2025-03-04 18:58:42.919344,86849.18,59507.23359,87724.13,81500.0
2025-03-04 18:58:44.520097,86841.46,59500.01836,87724.13,81500.0
2025-03-04 18:58:45.687795,86841.47,59499.82657,87724.13,81500.0
2025-03-04 18:58:46.856891,86839.12,59500.58672,87724.13,81500.0
2025-03-04 18:58:48.027364,86864.02,59499.21456,87724.13,81500.0
2025-03-04 18:58:49.192965,86873.33,59498.55046,87724.13,81500.0
2025-03-04 18:58:50.361179,86873.32,59498.15365,87724.13,81500.0
2025-03-04 18:58:51.525470,86845.29,59497.86322,87724.13,81500.0
2025-03-04 18:58:52.693860,86829.05,59498.13251,87724.13,81500.0
2025-03-04 18:58:53.861126,86841.46,59498.71826,87724.13,81500.0
2025-03-04 18:58:55.031849,86869.66,59498.98757,87724.13,81500.0
2025-03-04 18:58:56.199518,86869.65,59497.15274,87724.13,81500.0
2025-03-04 18:58:57.373704,86856.03,59497.08959,87724.13,81500.0
2025-03-04 18:58:58.539989,86836.85,59496.68713,87724.13,81500.0
2025-03-04 18:58:59.710707,86826.14,59497.39956,87724.13,81500.0
2025-03-04 18:59:00.870386,86823.44,59501.56072,87724.13,81500.0
2025-03-04 18:59:02.040513,86851.07,59504.33028,87724.13,81500.0
2025-03-04 18:59:03.209900,86846.06,59504.58068,87724.13,81500.0
2025-03-04 18:59:04.379715,86850.51,59503.03696,87724.13,81500.0
2025-03-04 18:59:05.549459,86846.57,59504.16482,87724.13,81500.0
2025-03-04 18:59:06.714523,86842.26,59501.23409,87724.13,81500.0
2025-03-04 18:59:07.885541,86847.94,59500.92692,87724.13,81500.0
2025-03-04 18:59:09.057483,86846.44,59500.78211,87724.13,81500.0
2025-03-04 18:59:10.225281,86831.56,59500.94892,87724.13,81500.0
2025-03-04 18:59:11.394816,86820.11,59500.92219,87724.13,81500.0
2025-03-04 18:59:12.567612,86821.11,59500.43788,87724.13,81500.0
2025-03-04 18:59:13.732691,86821.31,59500.25644,87724.13,81500.0
2025-03-04 18:59:14.899904,86811.42,59500.35312,87724.13,81500.0
2025-03-04 18:59:16.066801,86847.74,59500.54751,87724.13,81500.0
2025-03-04 18:59:17.238369,86843.61,59500.41035,87724.13,81500.0
2025-03-04 18:59:18.410946,86888.02,59501.15135,87724.13,81500.0
2025-03-04 18:59:19.577580,86885.38,59502.20031,87724.13,81500.0
2025-03-04 18:59:20.743419,86899.82,59500.49256,87724.13,81500.0
2025-03-04 18:59:21.910690,86898.95,59504.54846,87724.13,81500.0
2025-03-04 18:59:23.082214,86918.23,59506.65506,87724.13,81500.0
2025-03-04 18:59:24.246081,86908.55,59506.62999,87724.13,81500.0
2025-03-04 18:59:25.403572,86908.54,59502.22547,87724.13,81500.0
2025-03-04 18:59:26.571718,86901.51,59501.54102,87724.13,81500.0
2025-03-04 18:59:27.731076,86901.52,59501.29124,87724.13,81500.0
2025-03-04 18:59:28.904131,86901.51,59501.03359,87724.13,81500.0
2025-03-04 18:59:30.074085,86901.51,59500.96339,87724.13,81500.0
2025-03-04 18:59:31.243665,86901.52,59500.70254,87724.13,81500.0
2025-03-04 18:59:32.412202,86924.0,59500.96305,87724.13,81500.0
2025-03-04 18:59:33.579133,86909.38,59501.27725,87724.13,81500.0
2025-03-04 18:59:34.746125,86909.38,59501.20515,87724.13,81500.0
2025-03-04 18:59:35.915140,86901.52,59500.41756,87724.13,81500.0
2025-03-04 18:59:37.081002,86874.73,59500.53546,87724.13,81500.0
2025-03-04 18:59:38.250130,86845.95,59498.74159,87724.13,81500.0
2025-03-04 18:59:39.415226,86850.8,59500.26227,87724.13,81500.0
2025-03-04 18:59:40.574364,86845.95,59500.54402,87724.13,81500.0
2025-03-04 18:59:41.745086,86852.22,59500.23586,87724.13,81500.0
2025-03-04 18:59:42.917341,86847.25,59499.75197,87724.13,81500.0
2025-03-04 18:59:44.091005,86830.66,59499.70515,87724.13,81500.0
2025-03-04 18:59:45.260241,86802.0,59499.65256,87724.13,81500.0
2025-03-04 18:59:46.429616,86784.42,59501.08285,87724.13,81500.0
2025-03-04 18:59:47.598263,86802.38,59502.70068,87724.13,81500.0
2025-03-04 18:59:48.766159,86802.38,59502.33503,87724.13,81500.0
2025-03-04 18:59:49.936720,86790.46,59502.08468,87724.13,81500.0
2025-03-04 18:59:51.103016,86798.09,59502.27384,87724.13,81500.0
2025-03-04 18:59:52.260273,86814.95,59503.03736,87724.13,81500.0
2025-03-04 18:59:53.429717,86811.46,59501.72915,87724.13,81500.0
2025-03-04 18:59:54.603484,86822.53,59501.75988,87724.13,81500.0
2025-03-04 18:59:55.766510,86822.84,59501.75136,87724.13,81500.0
2025-03-04 18:59:56.939488,86807.74,59500.76057,87724.13,81500.0
2025-03-04 18:59:58.106590,86804.35,59503.10697,87724.13,81500.0
2025-03-04 18:59:59.275054,86798.53,59492.51872,87724.13,81500.0
2025-03-04 19:00:00.448983,86763.4,59497.69171,87724.13,81500.0
2025-03-04 19:00:01.617699,86762.53,59495.75775,87724.13,81500.0
2025-03-04 19:00:02.786722,86776.55,59495.69749,87724.13,81500.0
2025-03-04 19:00:03.955829,86761.54,59491.39462,87724.13,81500.0
2025-03-04 19:00:05.128663,86784.77,59486.91327,87724.13,81500.0
2025-03-04 19:00:06.287003,86808.38,59485.31015,87724.13,81500.0
2025-03-04 19:00:07.460552,86798.69,59483.75838,87724.13,81500.0
2025-03-04 19:00:08.633155,86755.93,59476.26796,87724.13,81500.0
2025-03-04 19:00:09.803510,86766.7,59475.05306,87724.13,81500.0
2025-03-04 19:00:10.972073,86758.18,59473.40251,87724.13,81500.0
2025-03-04 19:00:12.143329,86788.04,59473.63942,87724.13,81500.0
2025-03-04 19:00:13.312242,86802.45,59475.37459,87724.13,81500.0
2025-03-04 19:00:14.479241,86796.51,59472.89027,87724.13,81500.0
2025-03-04 19:00:15.647315,86750.3,59473.66308,87724.13,81500.0
2025-03-04 19:00:16.816227,86742.28,59472.12644,87724.13,81500.0
2025-03-04 19:00:17.987855,86741.91,59468.79512,87724.13,81500.0
2025-03-04 19:00:19.154434,86744.2,59466.03635,87724.13,81500.0
2025-03-04 19:00:20.324410,86749.9,59464.93703,87724.13,81500.0
2025-03-04 19:00:21.490634,86758.48,59465.31379,87724.13,81500.0
2025-03-04 19:00:22.669473,86751.89,59465.75526,87724.13,81500.0
2025-03-04 19:00:23.841441,86726.95,59466.87745,87724.13,81500.0
2025-03-04 19:00:25.007481,86704.9,59461.29523,87724.13,81500.0
2025-03-04 19:00:26.174317,86702.72,59460.87484,87724.13,81500.0
2025-03-04 19:00:27.344877,86723.74,59463.7519,87724.13,81500.0
2025-03-04 19:00:28.517661,86729.97,59462.73002,87724.13,81500.0
2025-03-04 19:00:29.687032,86700.0,59470.29143,87724.13,81500.0
2025-03-04 19:00:30.853469,86690.02,59475.05455,87724.13,81500.0
2025-03-04 19:00:32.019219,86675.73,59474.39718,87724.13,81500.0
2025-03-04 19:00:33.189566,86655.83,59475.0905,87724.13,81500.0
2025-03-04 19:00:34.355830,86699.01,59475.97347,87724.13,81500.0
2025-03-04 19:00:35.521667,86692.03,59475.02229,87724.13,81500.0
2025-03-04 19:00:36.688162,86671.29,59474.31861,87724.13,81500.0
2025-03-04 19:00:37.860515,86663.51,59475.36461,87724.13,81500.0
2025-03-04 19:00:39.027650,86663.51,59473.30076,87724.13,81500.0
2025-03-04 19:00:40.201707,86652.01,59442.53665,87724.13,81500.0
2025-03-04 19:00:41.373106,86678.86,59450.26603,87724.13,81500.0
2025-03-04 19:00:42.540364,86690.21,59450.6324,87724.13,81500.0
2025-03-04 19:00:43.713338,86690.2,59450.74604,87724.13,81500.0
2025-03-04 19:00:44.889737,86718.77,59451.21275,87724.13,81500.0
2025-03-04 19:00:46.057291,86740.62,59451.19157,87724.13,81500.0
2025-03-04 19:00:47.231578,86733.51,59451.36365,87724.13,81500.0
2025-03-04 19:00:48.399785,86743.7,59447.59499,87724.13,81500.0
2025-03-04 19:00:49.571809,86743.69,59446.69821,87724.13,81500.0
2025-03-04 19:00:50.749097,86737.77,59446.56203,87724.13,81500.0
2025-03-04 19:00:51.921600,86750.84,59444.36251,87724.13,81500.0
2025-03-04 19:00:53.089157,86728.17,59444.30224,87724.13,81500.0
2025-03-04 19:00:54.259903,86720.3,59443.69506,87724.13,81500.0
2025-03-04 19:00:55.431790,86739.24,59443.61802,87724.13,81500.0
2025-03-04 19:00:56.603747,86749.47,59442.28831,87724.13,81500.0
2025-03-04 19:00:57.773492,86711.21,59442.99301,87724.13,81500.0
2025-03-04 19:00:58.939322,86698.07,59442.72231,87724.13,81500.0
2025-03-04 19:01:00.117550,86705.75,59443.11205,87724.13,81500.0
2025-03-04 19:01:01.290680,86693.3,59443.06527,87724.13,81500.0
2025-03-04 19:01:02.458295,86665.62,59442.81974,87724.13,81500.0
2025-03-04 19:01:03.627587,86655.83,59440.79694,87724.13,81500.0
2025-03-04 19:01:04.801974,86635.65,59440.7872,87724.13,81500.0
2025-03-04 19:01:05.970825,86654.08,59441.38258,87724.13,81500.0
2025-03-04 19:01:07.136059,86638.72,59440.45455,87724.13,81500.0
2025-03-04 19:01:08.311600,86622.64,59440.46413,87724.13,81500.0
2025-03-04 19:01:09.479895,86638.21,59457.32068,87724.13,81500.0
2025-03-04 19:01:10.655304,86634.59,59456.12625,87724.13,81500.0
2025-03-04 19:01:11.826598,86635.76,59455.02329,87724.13,81500.0
2025-03-04 19:01:12.999584,86629.62,59453.65005,87724.13,81500.0
2025-03-04 19:01:14.171501,86623.18,59462.57542,87724.13,81500.0
2025-03-04 19:01:15.342455,86611.26,59461.28343,87724.13,81500.0
2025-03-04 19:01:16.514104,86591.9,59461.39962,87724.13,81500.0
2025-03-04 19:01:17.680681,86599.54,59480.99936,87724.13,81500.0
2025-03-04 19:01:18.846375,86580.74,59486.43212,87724.13,81500.0
2025-03-04 19:01:20.015471,86560.0,59487.35756,87724.13,81500.0
2025-03-04 19:01:21.191505,86565.6,59493.60377,87724.13,81500.0
2025-03-04 19:01:22.383666,86597.93,59494.55368,87724.13,81500.0
2025-03-04 19:01:23.552879,86555.0,59499.82828,87724.13,81500.0
2025-03-04 19:01:24.721878,86546.41,59500.22376,87724.13,81500.0
2025-03-04 19:01:25.890473,86582.07,59512.68025,87724.13,81500.0
2025-03-04 19:01:27.063619,86567.61,59520.59108,87724.13,81500.0
2025-03-04 19:01:28.232571,86558.51,59520.14742,87724.13,81500.0
2025-03-04 19:01:29.402919,86559.19,59519.30505,87724.13,81500.0
2025-03-04 19:01:30.571802,86612.58,59540.29822,87724.13,81500.0
2025-03-04 19:01:31.738703,86605.93,59547.28158,87724.13,81500.0
2025-03-04 19:01:32.907268,86584.91,59547.76402,87724.13,81500.0
2025-03-04 19:01:34.077427,86586.5,59551.88165,87724.13,81500.0
2025-03-04 19:01:35.250400,86572.01,59550.93417,87724.13,81500.0
2025-03-04 19:01:36.418147,86583.54,59550.71212,87724.13,81500.0
2025-03-04 19:01:37.583554,86618.25,59564.47976,87724.13,81500.0
2025-03-04 19:01:38.753184,86625.79,59564.19515,87724.13,81500.0
2025-03-04 19:01:39.919917,86613.16,59563.80061,87724.13,81500.0
2025-03-04 19:01:41.090909,86608.49,59563.12926,87724.13,81500.0
2025-03-04 19:01:42.259459,86625.79,59562.10283,87724.13,81500.0
2025-03-04 19:01:43.428821,86626.64,59561.34069,87724.13,81500.0
2025-03-04 19:01:44.600213,86639.99,59561.30593,87724.13,81500.0
2025-03-04 19:01:45.775374,86621.51,59562.08244,87724.13,81500.0
2025-03-04 19:01:46.946749,86627.89,59562.96287,87724.13,81500.0
2025-03-04 19:01:48.113523,86622.05,59562.52217,87724.13,81500.0
2025-03-04 19:01:49.281308,86632.0,59565.55057,87724.13,81500.0
2025-03-04 19:01:50.448757,86619.66,59565.30197,87724.13,81500.0
2025-03-04 19:01:51.617084,86632.0,59565.23412,87724.13,81500.0
2025-03-04 19:01:52.787807,86636.62,59565.72856,87724.13,81500.0
2025-03-04 19:01:53.956871,86626.18,59565.51206,87724.13,81500.0
2025-03-04 19:01:55.124357,86661.12,59562.05462,87724.13,81500.0
2025-03-04 19:01:56.294346,86701.09,59563.72193,87724.13,81500.0
2025-03-04 19:01:57.463058,86684.68,59563.96916,87724.13,81500.0
2025-03-04 19:01:58.630982,86703.99,59563.67333,87724.13,81500.0
2025-03-04 19:01:59.798807,86702.09,59563.17736,87724.13,81500.0
2025-03-04 19:02:00.978933,86713.65,59563.56122,87724.13,81500.0
2025-03-04 19:02:02.149246,86731.56,59564.78124,87724.13,81500.0
2025-03-04 19:02:03.318129,86743.78,59564.38103,87724.13,81500.0
2025-03-04 19:02:04.488752,86747.99,59564.71663,87724.13,81500.0
2025-03-04 19:02:05.655370,86755.92,59565.01261,87724.13,81500.0
2025-03-04 19:02:06.821357,86793.0,59564.72571,87724.13,81500.0
2025-03-04 19:02:08.021536,86815.82,59564.2771,87724.13,81500.0
2025-03-04 19:02:09.178058,86834.71,59564.62128,87724.13,81500.0
2025-03-04 19:02:10.346777,86844.88,59564.93935,87724.13,81500.0
2025-03-04 19:02:11.520365,86878.17,59565.28688,87724.13,81500.0
2025-03-04 19:02:12.696085,86875.59,59565.21695,87724.13,81500.0
2025-03-04 19:02:13.869742,86901.0,59568.41674,87724.13,81500.0
2025-03-04 19:02:15.038434,86917.0,59568.23152,87724.13,81500.0
2025-03-04 19:02:16.206974,86904.1,59568.93583,87724.13,81500.0
2025-03-04 19:02:17.375261,86894.47,59568.54919,87724.13,81500.0
2025-03-04 19:02:18.547800,86855.2,59568.00449,87724.13,81500.0
2025-03-04 19:02:19.719848,86874.31,59568.45822,87724.13,81500.0
2025-03-04 19:02:20.889067,86880.51,59568.72925,87724.13,81500.0
2025-03-04 19:02:22.059226,86880.48,59567.51865,87724.13,81500.0
2025-03-04 19:02:23.231495,86880.51,59567.89374,87724.13,81500.0
2025-03-04 19:02:24.400028,86908.96,59568.55507,87724.13,81500.0
2025-03-04 19:02:25.577875,86880.87,59568.87605,87724.13,81500.0
2025-03-04 19:02:26.747245,86849.02,59567.94681,87724.13,81500.0
2025-03-04 19:02:27.916027,86840.52,59568.0716,87724.13,81500.0
2025-03-04 19:02:29.089808,86846.94,59567.15775,87724.13,81500.0
2025-03-04 19:02:30.262587,86869.07,59576.82774,87724.13,81500.0
2025-03-04 19:02:31.430520,86885.66,59576.01759,87724.13,81500.0
2025-03-04 19:02:32.602027,86898.52,59575.80526,87724.13,81500.0
2025-03-04 19:02:33.771836,86899.82,59575.64815,87724.13,81500.0
2025-03-04 19:02:34.941838,86930.11,59576.4291,87724.13,81500.0
2025-03-04 19:02:36.114100,86931.5,59575.71102,87724.13,81500.0
2025-03-04 19:02:37.279743,86947.34,59581.77378,87724.13,81500.0
2025-03-04 19:02:38.454360,86946.54,59582.07912,87724.13,81500.0
2025-03-04 19:02:39.627615,86930.2,59582.4648,87724.13,81500.0
2025-03-04 19:02:40.799370,86905.44,59583.6621,87724.13,81500.0
2025-03-04 19:02:41.970458,86956.23,59589.77566,87724.13,81500.0
2025-03-04 19:02:43.141144,86922.22,59589.90174,87724.13,81500.0
2025-03-04 19:02:44.308684,86921.14,59595.8643,87724.13,81500.0
2025-03-04 19:02:45.477850,86909.78,59597.60921,87724.13,81500.0
2025-03-04 19:02:46.649584,86905.44,59597.58771,87724.13,81500.0
2025-03-04 19:02:47.827856,86895.82,59598.56282,87724.13,81500.0
2025-03-04 19:02:48.999618,86951.33,59601.65177,87724.13,81500.0
2025-03-04 19:02:50.168804,86944.47,59601.83521,87724.13,81500.0
2025-03-04 19:02:51.344587,86941.66,59603.36658,87724.13,81500.0
2025-03-04 19:02:52.519508,87026.09,59720.71724,87724.13,81500.0
2025-03-04 19:02:53.688433,87029.63,59734.07026,87724.13,81500.0
2025-03-04 19:02:54.858069,87062.91,59741.61688,87724.13,81500.0
2025-03-04 19:02:56.032089,87075.57,59749.2505,87724.13,81500.0
2025-03-04 19:02:57.203995,87109.6,59754.29021,87724.13,81500.0
2025-03-04 19:02:58.377825,87131.29,59755.5529,87724.13,81500.0
2025-03-04 19:02:59.551833,87123.28,59759.75926,87724.13,81500.0
2025-03-04 19:03:00.723718,87103.7,59760.8662,87724.13,81500.0
2025-03-04 19:03:01.893271,87094.57,59763.58965,87724.13,81500.0
2025-03-04 19:03:03.064155,87113.7,59770.66109,87724.13,81500.0
2025-03-04 19:03:04.238888,87065.62,59773.80894,87724.13,81500.0
2025-03-04 19:03:05.417405,87065.64,59772.29969,87724.13,81500.0
2025-03-04 19:03:06.591152,87061.49,59772.19027,87724.13,81500.0
2025-03-04 19:03:07.762837,87058.67,59772.30476,87724.13,81500.0
2025-03-04 19:03:08.935165,87082.3,59771.6501,87724.13,81500.0
2025-03-04 19:03:10.106064,87120.01,59772.89633,87724.13,81500.0
2025-03-04 19:03:11.278453,87116.96,59773.14652,87724.13,81500.0
2025-03-04 19:03:12.452159,87127.58,59772.86396,87724.13,81500.0
2025-03-04 19:03:13.629653,87129.97,59771.6941,87724.13,81500.0
2025-03-04 19:03:14.802426,87138.07,59769.69332,87724.13,81500.0
2025-03-04 19:03:15.970346,87160.97,59770.46547,87724.13,81500.0
2025-03-04 19:03:17.140714,87147.76,59772.95703,87724.13,81500.0
2025-03-04 19:03:18.315489,87160.0,59772.88445,87724.13,81500.0
2025-03-04 19:03:19.487257,87160.0,59772.62558,87724.13,81500.0
2025-03-04 19:03:20.659616,87174.6,59772.19349,87724.13,81500.0
2025-03-04 19:03:21.831389,87186.09,59772.39093,87723.29,81500.0
2025-03-04 19:03:23.000550,87173.66,59773.87471,87704.0,81500.0
2025-03-04 19:03:24.170008,87200.0,59794.12936,87704.0,81500.0
2025-03-04 19:03:25.339271,87233.12,59840.54539,87704.0,81500.0
2025-03-04 19:03:26.525490,87223.3,59840.81689,87704.0,81500.0
2025-03-04 19:03:27.694398,87186.21,59842.39357,87704.0,81500.0
2025-03-04 19:03:28.866253,87180.03,59846.14428,87704.0,81500.0
2025-03-04 19:03:30.041041,87211.99,59850.46569,87704.0,81500.0
2025-03-04 19:03:31.209324,87242.41,59850.01234,87699.99,81500.0
2025-03-04 19:03:32.380085,87243.98,59848.38509,87699.99,81500.0
2025-03-04 19:03:33.553546,87228.53,59849.65756,87699.99,81500.0
2025-03-04 19:03:34.724377,87207.96,59850.0534,87699.99,81500.0
2025-03-04 19:03:35.894827,87210.44,59850.83718,87690.01,81500.0
2025-03-04 19:03:37.062994,87232.88,59850.66278,87684.47,81500.0
2025-03-04 19:03:38.233811,87244.0,59851.45141,87684.47,81500.0
2025-03-04 19:03:39.408544,87232.32,59852.71568,87684.47,81500.0
2025-03-04 19:03:40.581532,87327.36,59876.10332,87684.47,81500.0
2025-03-04 19:03:41.756988,87310.45,59880.98209,87684.47,81500.0
2025-03-04 19:03:42.927581,87349.99,59883.585,87684.47,81500.0
2025-03-04 19:03:44.094932,87357.0,59895.29004,87684.47,81500.0
2025-03-04 19:03:45.267637,87371.21,59897.30458,87684.47,81500.0
2025-03-04 19:03:46.438634,87361.09,59900.62906,87684.47,81500.0
2025-03-04 19:03:47.611984,87360.89,59903.8452,87684.47,81500.0
2025-03-04 19:03:48.781650,87371.21,59905.02727,87684.47,81500.0
2025-03-04 19:03:49.957733,87369.7,59909.4189,87684.47,81500.0
2025-03-04 19:03:51.127220,87374.34,59910.99948,87684.47,81500.0
2025-03-04 19:03:52.298534,87368.4,59909.99845,87684.47,81500.0
2025-03-04 19:03:53.472790,87350.0,59910.76513,87684.47,81500.0
2025-03-04 19:03:54.646494,87351.85,59907.49536,87684.47,81500.0
2025-03-04 19:03:55.816348,87367.75,59908.07546,87684.47,81500.0
2025-03-04 19:03:56.988620,87361.11,59909.11426,87684.47,81500.0
2025-03-04 19:03:58.158831,87365.43,59907.58872,87684.47,81500.0
2025-03-04 19:03:59.332538,87356.82,59909.79048,87684.47,81500.0
2025-03-04 19:04:00.505068,87347.72,59911.97747,87684.47,81500.0
2025-03-04 19:04:01.677878,87292.05,59914.28999,87684.47,81500.0
2025-03-04 19:04:02.845209,87268.7,59914.40105,87684.47,81500.0
2025-03-04 19:04:04.018627,87261.32,59914.36888,87684.47,81500.0
2025-03-04 19:04:05.194339,87241.43,59915.42541,87684.47,81500.0
2025-03-04 19:04:06.367957,87241.74,59917.87423,87684.47,81500.0
2025-03-04 19:04:07.542039,87286.34,59921.53634,87684.47,81500.0
2025-03-04 19:04:08.709519,87261.25,59921.86391,87684.47,81500.0
2025-03-04 19:04:09.882307,87241.77,59923.56938,87684.47,81500.0
2025-03-04 19:04:11.054255,87208.27,59921.90129,87684.47,81500.0
2025-03-04 19:04:12.222886,87200.48,59920.4966,87684.47,81500.0
2025-03-04 19:04:13.400278,87200.01,59918.25863,87684.47,81500.0
2025-03-04 19:04:14.576278,87197.15,59918.49939,87684.47,81500.0
2025-03-04 19:04:15.744292,87184.75,59918.65044,87684.47,81500.0
2025-03-04 19:04:16.916370,87199.18,59918.63632,87684.47,81500.0
2025-03-04 19:04:18.084589,87198.4,59918.83312,87684.47,81500.0
2025-03-04 19:04:19.251918,87206.45,59920.93592,87684.47,81500.0
2025-03-04 19:04:20.420650,87215.17,59920.80674,87684.47,81500.0
2025-03-04 19:04:21.592208,87224.79,59920.41443,87684.47,81500.0
2025-03-04 19:04:22.762718,87224.79,59920.36199,87684.47,81500.0
2025-03-04 19:04:23.934764,87278.07,59920.84955,87684.47,81500.0
2025-03-04 19:04:25.107277,87296.03,59920.10504,87684.47,81500.0
2025-03-04 19:04:26.277703,87276.64,59921.05997,87684.47,81500.0
2025-03-04 19:04:27.448613,87245.11,59920.29818,87684.47,81500.0
2025-03-04 19:04:28.623128,87233.66,59921.23408,87684.47,81500.0
2025-03-04 19:04:29.791303,87226.73,59921.29676,87684.47,81500.0
2025-03-04 19:04:30.958575,87303.23,59920.7097,87684.47,81500.0
2025-03-04 19:04:32.129610,87313.75,59921.23845,87684.47,81500.0
2025-03-04 19:04:33.305451,87349.57,59928.92443,87684.47,81500.0
2025-03-04 19:04:34.487870,87417.0,60018.33375,87684.47,81500.0
2025-03-04 19:04:35.656581,87439.99,60018.79057,87684.47,81500.0
2025-03-04 19:04:36.826882,87437.31,60010.34388,87684.47,81500.0
2025-03-04 19:04:38.002834,87368.54,60012.80878,87684.47,81500.0
2025-03-04 19:04:39.173388,87368.53,60012.3531,87684.47,81500.0
2025-03-04 19:04:40.344246,87380.11,60012.1979,87684.47,81500.0
2025-03-04 19:04:41.516169,87378.69,60011.33148,87684.47,81500.0
2025-03-04 19:04:42.687539,87376.65,60011.25144,87684.47,81500.0
2025-03-04 19:04:43.868357,87406.38,60011.9446,87684.47,81500.0
2025-03-04 19:04:45.041867,87409.93,60012.43398,87684.47,81500.0
2025-03-04 19:04:46.210416,87411.98,60012.38307,87684.47,81500.0
2025-03-04 19:04:47.379628,87439.92,60014.48244,87684.47,81500.0
2025-03-04 19:04:48.552890,87420.63,60014.80282,87684.47,81500.0
2025-03-04 19:04:49.725419,87418.57,60014.64065,87684.47,81500.0
2025-03-04 19:04:50.895926,87433.96,60014.17497,87684.47,81500.0
2025-03-04 19:04:52.065781,87433.96,60013.37376,87684.47,81500.0
2025-03-04 19:04:53.236312,87425.23,60013.41427,87684.47,81500.0
2025-03-04 19:04:54.407341,87408.08,60012.02556,87684.47,81500.0
2025-03-04 19:04:55.583052,87415.28,60012.05252,87684.47,81500.0
2025-03-04 19:04:56.754483,87415.29,60012.04576,87684.47,81500.0
2025-03-04 19:04:57.956608,87420.24,60014.83412,87684.47,81500.0
2025-03-04 19:04:59.124878,87420.23,60015.07971,87684.47,81500.0
2025-03-04 19:05:00.295121,87418.18,60014.72686,87684.47,81500.0
2025-03-04 19:05:01.464534,87404.25,60014.57439,87684.47,81500.0
2025-03-04 19:05:02.636500,87394.46,60016.55466,87684.47,81500.0
2025-03-04 19:05:03.804875,87364.32,60015.58955,87684.47,81500.0
2025-03-04 19:05:04.977794,87372.02,60014.9855,87684.47,81500.0
2025-03-04 19:05:06.151356,87335.17,60015.05304,87684.47,81500.0
2025-03-04 19:05:07.323521,87335.18,60013.66429,87684.47,81500.0
2025-03-04 19:05:08.498105,87312.13,60015.115,87684.47,81500.0
2025-03-04 19:05:09.665409,87304.94,60015.17709,87684.47,81500.0
2025-03-04 19:05:10.837227,87347.64,60017.492,87684.47,81500.0
2025-03-04 19:05:12.009872,87324.59,60017.63846,87684.47,81500.0
2025-03-04 19:05:13.183421,87392.38,60019.37463,87684.47,81500.0
2025-03-04 19:05:14.355186,87406.38,60018.96865,87684.47,81500.0
2025-03-04 19:05:15.517739,87372.72,60019.04801,87684.47,81500.0
2025-03-04 19:05:16.692536,87364.02,60020.9566,87684.47,81500.0
2025-03-04 19:05:17.862980,87356.47,60020.2686,87684.47,81500.0
2025-03-04 19:05:19.032970,87345.67,60030.0684,87684.47,81500.0
2025-03-04 19:05:20.204545,87319.54,60035.18019,87684.47,81500.0
2025-03-04 19:05:21.378289,87353.75,60034.4865,87684.47,81500.0
2025-03-04 19:05:22.550252,87390.7,60033.63024,87684.47,81500.0
2025-03-04 19:05:23.722669,87371.29,60033.97074,87684.47,81500.0
2025-03-04 19:05:24.894601,87369.38,60033.35124,87684.47,81500.0
2025-03-04 19:05:26.063151,87341.65,60033.51848,87684.47,81500.0
2025-03-04 19:05:27.236533,87300.92,60033.42446,87684.47,81500.0
2025-03-04 19:05:28.406342,87297.13,60032.29256,87684.47,81500.0
2025-03-04 19:05:29.576517,87292.48,60032.18284,87684.47,81500.0
2025-03-04 19:05:30.750088,87310.07,60033.02203,87684.47,81500.0
2025-03-04 19:05:31.925688,87321.07,60040.27179,87684.47,81500.0
2025-03-04 19:05:33.101493,87274.24,60039.10614,87684.47,81500.0
2025-03-04 19:05:34.273539,87258.05,60039.27564,87684.47,81500.0
2025-03-04 19:05:35.451818,87269.58,60037.91341,87684.47,81500.0
2025-03-04 19:05:36.623889,87268.69,60038.26449,87684.47,81500.0
2025-03-04 19:05:37.790172,87243.95,60039.35837,87684.47,81500.0
2025-03-04 19:05:38.960998,87231.56,60039.425,87684.47,81500.0
2025-03-04 19:05:40.133124,87219.99,60038.81363,87684.47,81500.0
2025-03-04 19:05:41.308359,87260.04,60038.91336,87684.47,81500.0
2025-03-04 19:05:42.478915,87287.33,60038.89232,87684.47,81500.0
2025-03-04 19:05:43.680217,87295.97,60040.96135,87684.47,81500.0
2025-03-04 19:05:44.844601,87269.13,60042.33799,87684.47,81500.0
2025-03-04 19:05:46.019000,87242.51,60042.08653,87684.47,81500.0
2025-03-04 19:05:47.192551,87253.13,60042.66913,87684.47,81500.0
2025-03-04 19:05:48.368287,87253.14,60042.70769,87684.47,81500.0
2025-03-04 19:05:49.542914,87242.15,60042.07282,87684.47,81500.0
2025-03-04 19:05:50.710575,87237.83,60041.92432,87684.47,81500.0
2025-03-04 19:05:51.880267,87228.7,60041.22754,87684.47,81500.0
2025-03-04 19:05:53.053432,87240.28,60039.72923,87684.47,81500.0
2025-03-04 19:05:54.221890,87312.24,60040.47472,87684.47,81500.0
2025-03-04 19:05:55.397013,87309.29,60039.82562,87684.47,81500.0
2025-03-04 19:05:56.571276,87286.69,60038.85615,87684.47,81500.0
2025-03-04 19:05:57.740138,87258.0,60039.36146,87684.47,81500.0
2025-03-04 19:05:58.910856,87250.41,60039.36263,87684.47,81500.0
2025-03-04 19:06:00.088670,87248.42,60037.82166,87684.47,81500.0
2025-03-04 19:06:01.267304,87251.38,60037.79879,87684.47,81500.0
2025-03-04 19:06:02.439398,87244.43,60037.50471,87684.47,81500.0
2025-03-04 19:06:03.607288,87245.76,60034.39658,87684.47,81500.0
2025-03-04 19:06:04.780456,87247.03,60039.43558,87684.47,81500.0
2025-03-04 19:06:05.953576,87225.37,60048.55653,87684.47,81500.0
2025-03-04 19:06:07.128026,87250.38,60048.96826,87684.47,81500.0
2025-03-04 19:06:08.300995,87253.82,60050.31506,87684.47,81500.0
2025-03-04 19:06:09.474438,87217.45,60050.9684,87684.47,81500.0
2025-03-04 19:06:10.650818,87184.16,60055.41688,87684.47,81500.0
2025-03-04 19:06:11.820077,87201.56,60055.31929,87684.47,81500.0
2025-03-04 19:06:12.990494,87207.44,60058.69389,87684.47,81500.0
2025-03-04 19:06:14.162366,87186.41,60058.79305,87684.47,81500.0
2025-03-04 19:06:15.334714,87177.71,60056.27152,87684.47,81500.0
2025-03-04 19:06:16.508797,87168.02,60057.18326,87684.47,81500.0
2025-03-04 19:06:17.685111,87162.0,60055.86816,87684.47,81500.0
2025-03-04 19:06:18.854904,87161.23,60056.07834,87684.47,81500.0
2025-03-04 19:06:20.026306,87155.96,60054.69832,87684.47,81500.0
2025-03-04 19:06:21.200843,87186.44,60054.84978,87684.47,81500.0
2025-03-04 19:06:22.371584,87180.99,60054.21774,87684.47,81500.0
2025-03-04 19:06:23.544888,87160.01,60053.61439,87684.47,81500.0
2025-03-04 19:06:24.720042,87169.8,60052.07973,87684.47,81500.0
2025-03-04 19:06:25.887720,87169.82,60052.02889,87684.47,81500.0
2025-03-04 19:06:27.063019,87169.82,60051.66922,87684.47,81500.0
2025-03-04 19:06:28.236642,87158.53,60051.09905,87684.47,81500.0
2025-03-04 19:06:29.406608,87121.06,60051.62817,87684.47,81500.0
2025-03-04 19:06:30.587804,87137.47,60052.59574,87684.47,81500.0
2025-03-04 19:06:31.760352,87179.63,60058.4351,87684.47,81500.0
2025-03-04 19:06:32.931331,87186.37,60058.7973,87684.47,81500.0
2025-03-04 19:06:34.104904,87163.26,60060.29608,87684.47,81500.0
2025-03-04 19:06:35.274295,87176.61,60059.04413,87684.47,81500.0
2025-03-04 19:06:36.444012,87194.58,60059.77365,87684.47,81500.0
2025-03-04 19:06:37.614355,87201.18,60059.68136,87684.47,81500.0
2025-03-04 19:06:38.787801,87193.15,60059.16745,87684.47,81500.0
2025-03-04 19:06:39.969166,87203.47,60058.88859,87684.47,81500.0
2025-03-04 19:06:41.141851,87200.0,60058.23654,87684.47,81500.0
2025-03-04 19:06:42.312632,87219.28,60058.15585,87684.47,81500.0
2025-03-04 19:06:43.483023,87212.34,60058.17872,87684.47,81500.0
2025-03-04 19:06:44.654242,87221.18,60057.6053,87684.47,81500.0
2025-03-04 19:06:45.834458,87221.18,60057.34697,87684.47,81500.0
2025-03-04 19:06:47.012649,87236.72,60056.81149,87684.47,81500.0
2025-03-04 19:06:48.185491,87232.55,60059.77398,87684.47,81500.0
2025-03-04 19:06:49.359862,87250.39,60060.58526,87684.47,81500.0
2025-03-04 19:06:50.526429,87228.64,60060.83767,87684.47,81500.0
2025-03-04 19:06:51.696687,87254.54,60060.78237,87684.47,81500.0
2025-03-04 19:06:52.874597,87299.99,60061.75098,87684.47,81500.0
2025-03-04 19:06:54.053983,87341.59,60062.16448,87684.47,81500.0
2025-03-04 19:06:55.231348,87333.54,60062.29461,87684.47,81500.0
2025-03-04 19:06:56.405073,87335.59,60062.97308,87684.47,81500.0
2025-03-04 19:06:57.578439,87358.49,60062.3352,87684.47,81500.0
2025-03-04 19:06:58.755474,87345.38,60062.36364,87684.47,81500.0
2025-03-04 19:06:59.922782,87334.96,60062.26817,87684.47,81500.0
2025-03-04 19:07:01.095165,87397.48,60064.18142,87684.47,81500.0
2025-03-04 19:07:02.265351,87408.7,60062.67016,87684.47,81500.0
2025-03-04 19:07:03.440665,87434.29,60062.27283,87684.47,81500.0
2025-03-04 19:07:04.619173,87445.18,60061.89965,87684.47,81500.0
2025-03-04 19:07:05.796696,87428.49,60060.19691,87684.47,81500.0
2025-03-04 19:07:06.972457,87415.02,60060.2475,87684.47,81500.0
2025-03-04 19:07:08.146039,87436.65,60059.11233,87684.47,81500.0
2025-03-04 19:07:10.322802,87489.96,60061.91836,87684.47,81500.0
2025-03-04 19:07:11.497725,87516.66,60090.23358,87684.47,81500.0
2025-03-04 19:07:12.675831,87511.17,60090.17786,87684.47,81500.0
2025-03-04 19:07:13.846543,87468.9,60090.59483,87684.47,81500.0
2025-03-04 19:07:15.021095,87466.97,60090.85962,87684.47,81500.0
2025-03-04 19:07:16.197827,87495.53,60090.75586,87684.47,81500.0
2025-03-04 19:07:17.378377,87481.41,60091.51613,87684.47,81500.0
2025-03-04 19:07:18.548603,87519.0,60091.33268,87684.47,81500.0
2025-03-04 19:07:19.726671,87512.79,60091.9827,87684.47,81500.0
2025-03-04 19:07:20.904598,87474.49,60091.33366,87684.47,81500.0
2025-03-04 19:07:22.077528,87493.15,60091.35484,87684.47,81500.0
2025-03-04 19:07:23.255499,87467.0,60090.87168,87684.47,81500.0
2025-03-04 19:07:24.428915,87481.37,60095.3005,87684.47,81500.0
2025-03-04 19:07:25.598402,87486.4,60094.47133,87684.47,81500.0
2025-03-04 19:07:26.774182,87485.15,60094.48785,87684.47,81500.0
2025-03-04 19:07:27.944516,87497.61,60094.08167,87684.47,81500.0
2025-03-04 19:07:29.116590,87480.79,60094.02205,87684.47,81500.0
2025-03-04 19:07:30.289752,87470.59,60094.57902,87684.47,81500.0
2025-03-04 19:07:31.460267,87443.38,60095.19091,87684.47,81500.0
2025-03-04 19:07:32.630645,87452.11,60094.68345,87684.47,81500.0
2025-03-04 19:07:33.802087,87452.11,60094.54871,87684.47,81500.0
2025-03-04 19:07:34.978448,87492.44,60094.49652,87684.47,81500.0
2025-03-04 19:07:36.153664,87489.05,60094.31239,87684.47,81500.0
2025-03-04 19:07:37.323846,87477.04,60094.14605,87684.47,81500.0
2025-03-04 19:07:38.497990,87479.97,60095.08795,87684.47,81500.0
2025-03-04 19:07:39.671908,87459.5,60094.87304,87684.47,81500.0
2025-03-04 19:07:40.848931,87452.12,60096.46854,87684.47,81500.0
2025-03-04 19:07:42.019403,87442.98,60096.59954,87684.47,81500.0
2025-03-04 19:07:43.192538,87464.02,60096.74086,87684.47,81500.0
2025-03-04 19:07:44.361151,87488.76,60102.11509,87684.47,81500.0
2025-03-04 19:07:45.534579,87496.09,60102.53039,87684.47,81500.0
2025-03-04 19:07:46.708175,87493.6,60105.72994,87684.47,81500.0
2025-03-04 19:07:47.880734,87485.58,60105.31688,87684.47,81500.0
2025-03-04 19:07:49.056208,87491.41,60105.30963,87684.47,81500.0
2025-03-04 19:07:50.230649,87494.32,60103.29539,87684.47,81500.0
2025-03-04 19:07:51.407554,87498.98,60103.49486,87684.47,81500.0
2025-03-04 19:07:52.581288,87507.16,60105.51262,87684.47,81500.0
2025-03-04 19:07:53.749655,87498.7,60105.70104,87684.47,81500.0
2025-03-04 19:07:54.922824,87501.22,60107.83604,87684.47,81500.0
2025-03-04 19:07:56.099045,87509.44,60109.06447,87684.47,81500.0
2025-03-04 19:07:57.270870,87509.47,60110.14064,87684.47,81500.0
2025-03-04 19:07:58.449113,87555.53,60111.7087,87684.47,81500.0
2025-03-04 19:07:59.620523,87536.27,60113.614,87684.47,81500.0
2025-03-04 19:08:00.791896,87540.01,60114.31041,87684.47,81500.0
2025-03-04 19:08:01.962743,87564.06,60112.54079,87684.47,81500.0
2025-03-04 19:08:03.135625,87570.73,60114.29567,87684.47,81500.0
2025-03-04 19:08:04.309845,87599.77,60113.00451,87684.47,81500.0
2025-03-04 19:08:05.483807,87588.2,60111.44454,87684.47,81500.0
2025-03-04 19:08:06.653876,87564.71,60111.36483,87684.47,81500.0
2025-03-04 19:08:07.827841,87498.98,60114.88951,87684.47,81500.0
2025-03-04 19:08:08.999366,87492.01,60115.89716,87684.47,81500.0
2025-03-04 19:08:10.175066,87471.54,60119.5177,87684.47,81500.0
2025-03-04 19:08:11.345389,87465.27,60125.55978,87684.47,81500.0
2025-03-04 19:08:12.517360,87452.12,60127.36514,87684.47,81500.0
2025-03-04 19:08:13.692226,87452.12,60128.7405,87684.47,81500.0
2025-03-04 19:08:14.864563,87453.86,60128.50904,87684.47,81500.0
2025-03-04 19:08:16.042647,87461.74,60127.3223,87684.47,81500.0
2025-03-04 19:08:17.214715,87516.53,60134.1957,87684.47,81500.0
2025-03-04 19:08:18.386843,87534.55,60133.41741,87684.47,81500.0
2025-03-04 19:08:19.557475,87566.0,60134.06159,87684.47,81500.0
2025-03-04 19:08:20.733607,87551.23,60134.01313,87684.47,81500.0
2025-03-04 19:08:21.907066,87532.0,60134.17279,87684.47,81500.0
2025-03-04 19:08:23.080201,87603.67,60136.36595,87684.47,81500.0
2025-03-04 19:08:24.253792,87616.23,60137.37741,87684.47,81500.0
2025-03-04 19:08:25.430515,87611.36,60137.58682,87684.47,81500.0
2025-03-04 19:08:26.604872,87576.82,60137.61305,87684.47,81500.0
2025-03-04 19:08:27.789363,87583.22,60129.40213,87684.47,81500.0
2025-03-04 19:08:28.961575,87576.82,60130.21122,87684.47,81500.0
2025-03-04 19:08:30.136070,87591.47,60133.64179,87684.47,81500.0
2025-03-04 19:08:31.305974,87598.97,60133.52665,87684.47,81500.0
2025-03-04 19:08:32.477284,87600.01,60134.0999,87684.47,81500.0
2025-03-04 19:08:33.649557,87596.09,60134.42606,87684.47,81500.0
2025-03-04 19:08:34.822122,87578.36,60135.81408,87684.47,81500.0
2025-03-04 19:08:35.994191,87559.42,60134.48493,87684.47,81500.0
2025-03-04 19:08:37.166131,87529.75,60136.48883,87684.47,81500.0
2025-03-04 19:08:38.347940,87547.68,60139.3212,87684.47,81500.0
2025-03-04 19:08:39.525683,87561.12,60139.34225,87684.47,81500.0
2025-03-04 19:08:40.700345,87572.05,60139.61978,87684.47,81500.0
2025-03-04 19:08:41.875585,87561.12,60140.01376,87684.47,81500.0
2025-03-04 19:08:43.048119,87541.82,60140.03848,87684.47,81500.0
2025-03-04 19:08:44.221790,87500.02,60140.28617,87684.47,81500.0
2025-03-04 19:08:45.393351,87561.12,60141.55782,87684.47,81500.0
2025-03-04 19:08:46.562555,87585.49,60142.40699,87684.47,81500.0
2025-03-04 19:08:47.736303,87595.13,60143.40885,87684.47,81500.0
2025-03-04 19:08:48.907553,87628.73,60144.64215,87684.47,81500.0
2025-03-04 19:08:50.078454,87642.44,60146.01263,87684.47,81500.0
2025-03-04 19:08:51.253250,87641.83,60145.9929,87684.47,81500.0
2025-03-04 19:08:52.424645,87645.39,60147.11011,87684.47,81500.0
2025-03-04 19:08:53.602177,87647.94,60147.13012,87684.47,81500.0
2025-03-04 19:08:54.772312,87643.34,60149.41253,87684.47,81500.0
2025-03-04 19:08:55.947577,87674.63,60155.70498,87694.92,81500.0
2025-03-04 19:08:57.121268,87713.52,60160.12999,87722.56,81500.0
2025-03-04 19:08:58.295814,87686.15,60162.48594,87722.56,81500.0
2025-03-04 19:08:59.468140,87671.57,60158.49807,87722.56,81500.0
2025-03-04 19:09:00.646595,87672.63,60157.26505,87722.56,81500.0
2025-03-04 19:09:01.819846,87672.64,60153.37881,87722.56,81500.0
2025-03-04 19:09:02.992099,87659.23,60152.18652,87722.56,81500.0
2025-03-04 19:09:04.164195,87664.92,60152.73991,87722.56,81500.0
2025-03-04 19:09:05.334672,87652.69,60152.45033,87722.56,81500.0
2025-03-04 19:09:06.801423,87652.34,60154.15905,87722.56,81500.0
2025-03-04 19:09:07.972377,87652.39,60154.08335,87722.56,81500.0
2025-03-04 19:09:09.142994,87667.12,60153.9826,87722.56,81500.0
2025-03-04 19:09:10.313778,87711.2,60160.08519,87722.56,81500.0
2025-03-04 19:09:11.484539,87705.47,60162.30268,87722.56,81500.0
2025-03-04 19:09:12.658438,87708.12,60163.22757,87722.56,81500.0
2025-03-04 19:09:13.833448,87703.12,60165.43207,87722.56,81500.0
2025-03-04 19:09:15.002810,87707.05,60166.91725,87722.56,81500.0
2025-03-04 19:09:16.178577,87688.15,60169.26008,87722.56,81500.0
2025-03-04 19:09:17.353357,87663.38,60170.13378,87722.56,81500.0
2025-03-04 19:09:18.527361,87673.9,60171.29378,87722.56,81500.0
2025-03-04 19:09:19.689075,87674.17,60170.44923,87722.56,81500.0
2025-03-04 19:09:20.862211,87673.5,60171.70989,87722.56,81500.0
2025-03-04 19:09:22.036823,87716.26,60169.32347,87722.56,81500.0
2025-03-04 19:09:23.208299,87698.29,60175.56291,87722.56,81500.0
2025-03-04 19:09:24.381146,87704.66,60176.64733,87722.56,81500.0
2025-03-04 19:09:25.560482,87704.67,60176.53366,87722.56,81500.0
2025-03-04 19:09:26.734961,87716.2,60180.22871,87722.56,81500.0
2025-03-04 19:09:27.909605,87732.18,60181.3173,87732.19,81500.0
2025-03-04 19:09:29.081296,87716.91,60181.33472,87732.19,81500.0
2025-03-04 19:09:30.253826,87720.4,60182.9015,87739.62,81500.0
2025-03-04 19:09:31.424936,87736.79,60183.09113,87739.62,81500.0
2025-03-04 19:09:32.600562,87755.99,60187.02057,87756.0,81500.0
2025-03-04 19:09:33.773256,87745.21,60187.38119,87756.0,81500.0
2025-03-04 19:09:34.941966,87742.73,60186.98169,87756.0,81500.0
2025-03-04 19:09:36.117923,87753.71,60186.55241,87756.0,81500.0
2025-03-04 19:09:37.291957,87763.19,60186.74905,87763.19,81500.0
2025-03-04 19:09:38.462188,87747.64,60185.6867,87763.19,81500.0
2025-03-04 19:09:39.639795,87759.99,60187.04855,87765.96,81500.0
2025-03-04 19:09:40.814007,87758.99,60186.54246,87765.96,81500.0
2025-03-04 19:09:41.994257,87689.29,60187.08108,87765.96,81500.0
2025-03-04 19:09:43.168157,87669.83,60174.29037,87765.96,81500.0
2025-03-04 19:09:44.342735,87691.99,60174.9378,87765.96,81500.0
2025-03-04 19:09:45.513954,87695.26,60176.74834,87765.96,81500.0
2025-03-04 19:09:46.693636,87691.24,60175.77827,87765.96,81500.0
2025-03-04 19:09:47.867258,87695.27,60176.36146,87765.96,81500.0
2025-03-04 19:09:49.043414,87739.88,60177.23842,87765.96,81500.0
2025-03-04 19:09:50.215278,87753.04,60177.65097,87765.96,81500.0
2025-03-04 19:09:51.386271,87768.79,60181.47414,87769.51,81500.0
2025-03-04 19:09:52.562678,87764.9,60182.25366,87770.38,81500.0
2025-03-04 19:09:53.742338,87744.88,60184.26895,87770.38,81500.0
2025-03-04 19:09:54.916310,87730.9,60185.48988,87770.38,81500.0
2025-03-04 19:09:56.084684,87700.0,60185.90366,87770.38,81500.0
2025-03-04 19:09:57.256111,87700.0,60187.3296,87770.38,81500.0
2025-03-04 19:09:58.428834,87691.25,60187.66636,87770.38,81500.0
2025-03-04 19:09:59.602103,87672.35,60190.74411,87770.38,81500.0
2025-03-04 19:10:00.773514,87655.86,60193.06481,87770.38,81500.0
2025-03-04 19:10:01.944957,87687.58,60192.94157,87770.38,81500.0
2025-03-04 19:10:03.116401,87644.29,60194.80134,87770.38,81500.0
2025-03-04 19:10:04.287899,87635.81,60195.66437,87770.38,81500.0
2025-03-04 19:10:05.463504,87650.63,60196.3257,87770.38,81500.0
2025-03-04 19:10:06.637063,87613.6,60195.80411,87770.38,81500.0
2025-03-04 19:10:07.814152,87653.0,60197.26151,87770.38,81500.0
2025-03-04 19:10:08.988183,87631.59,60199.17124,87770.38,81500.0
2025-03-04 19:10:10.160228,87628.94,60201.19182,87770.38,81500.0
2025-03-04 19:10:11.332737,87647.12,60201.1016,87770.38,81500.0
2025-03-04 19:10:12.504882,87621.69,60202.9162,87770.38,81500.0
2025-03-04 19:10:13.678972,87629.62,60202.40683,87770.38,81500.0
2025-03-04 19:10:14.857878,87658.18,60203.62486,87770.38,81500.0
2025-03-04 19:10:16.027742,87684.08,60203.94698,87770.38,81500.0
2025-03-04 19:10:17.199722,87698.57,60204.47331,87770.38,81500.0
2025-03-04 19:10:18.360738,87695.18,60206.3486,87770.38,81500.0
2025-03-04 19:10:19.536432,87725.09,60206.48544,87770.38,81500.0
2025-03-04 19:10:20.714852,87755.99,60207.24685,87770.38,81500.0
2025-03-04 19:10:21.888548,87730.52,60207.3215,87770.38,81500.0
2025-03-04 19:10:23.066521,87730.43,60208.23191,87770.38,81500.0
2025-03-04 19:10:24.243144,87692.51,60209.19429,87770.38,81500.0
2025-03-04 19:10:25.421260,87663.43,60209.69508,87770.38,81500.0
2025-03-04 19:10:26.597086,87649.99,60209.76519,87770.38,81500.0
2025-03-04 19:10:27.774550,87662.98,60209.54991,87770.38,81500.0
2025-03-04 19:10:28.947898,87672.82,60210.56398,87770.38,81500.0
2025-03-04 19:10:30.127736,87681.58,60210.92659,87770.38,81500.0
2025-03-04 19:10:31.289098,87698.38,60211.49342,87770.38,81500.0
2025-03-04 19:10:32.461743,87662.75,60211.13248,87770.38,81500.0
2025-03-04 19:10:33.635869,87648.88,60210.39064,87770.38,81500.0
2025-03-04 19:10:34.814310,87596.0,60210.5507,87770.38,81500.0
2025-03-04 19:10:35.999434,87567.01,60210.25761,87770.38,81500.0
2025-03-04 19:10:37.174199,87541.28,60210.49446,87770.38,81500.0
2025-03-04 19:10:38.344452,87508.37,60210.74723,87770.38,81500.0
2025-03-04 19:10:39.513231,87506.12,60212.34135,87770.38,81500.0
2025-03-04 19:10:40.688811,87504.0,60211.83011,87770.38,81500.0
2025-03-04 19:10:41.867616,87497.24,60214.47523,87770.38,81500.0
2025-03-04 19:10:43.040680,87499.31,60215.04333,87770.38,81500.0
2025-03-04 19:10:44.221065,87509.43,60214.816,87770.38,81500.0
2025-03-04 19:10:45.394935,87491.19,60214.55337,87770.38,81500.0
2025-03-04 19:10:46.566702,87484.0,60214.52608,87770.38,81500.0
2025-03-04 19:10:47.746374,87469.19,60214.68142,87770.38,81500.0
2025-03-04 19:10:48.921559,87465.67,60214.78396,87770.38,81500.0
2025-03-04 19:10:50.096431,87465.67,60214.89411,87770.38,81500.0
2025-03-04 19:10:51.280748,87480.0,60214.88631,87770.38,81500.0
2025-03-04 19:10:52.454480,87464.96,60214.95605,87770.38,81500.0
2025-03-04 19:10:53.633696,87457.68,60214.53455,87770.38,81500.0
2025-03-04 19:10:54.832182,87440.13,60214.69317,87770.38,81500.0
2025-03-04 19:10:56.134591,87452.95,60213.79557,87770.38,81500.0
2025-03-04 19:10:57.308170,87486.07,60215.01722,87770.38,81500.0
2025-03-04 19:10:58.472525,87502.86,60224.89453,87770.38,81500.0
2025-03-04 19:10:59.645172,87558.39,60228.0615,87770.38,81500.0
2025-03-04 19:11:00.820286,87559.49,60227.92266,87770.38,81500.0
2025-03-04 19:11:01.998391,87605.87,60226.69146,87770.38,81500.0
2025-03-04 19:11:03.171181,87605.86,60229.34346,87770.38,81500.0
2025-03-04 19:11:04.347823,87664.47,60226.54418,87770.38,81500.0
2025-03-04 19:11:05.522331,87644.15,60225.90825,87770.38,81500.0
2025-03-04 19:11:06.694345,87603.99,60225.69017,87770.38,81500.0
2025-03-04 19:11:07.865170,87604.55,60225.44463,87770.38,81500.0
2025-03-04 19:11:09.040439,87688.0,60231.44908,87770.38,81500.0
2025-03-04 19:11:10.213218,87702.68,60238.55733,87770.38,81500.0
2025-03-04 19:11:11.391020,87690.21,60238.24239,87770.38,81500.0
2025-03-04 19:11:12.591208,87660.0,60237.24379,87770.38,81500.0
2025-03-04 19:11:13.765106,87588.87,60239.78012,87770.38,81500.0
2025-03-04 19:11:14.939890,87564.0,60239.3841,87770.38,81500.0
2025-03-04 19:11:16.114344,87576.86,60251.92186,87770.38,81500.0
2025-03-04 19:11:17.293136,87548.56,60253.15445,87770.38,81500.0
2025-03-04 19:11:18.466327,87515.71,60257.0318,87770.38,81500.0
2025-03-04 19:11:19.641228,87545.05,60256.62025,87770.38,81500.0
2025-03-04 19:11:20.816653,87532.91,60254.85911,87770.38,81500.0
2025-03-04 19:11:21.993581,87631.5,60285.33932,87770.38,81500.0
2025-03-04 19:11:23.171244,87617.84,60287.96082,87770.38,81500.0
2025-03-04 19:11:24.345386,87622.64,60286.16418,87770.38,81500.0
2025-03-04 19:11:25.518367,87619.09,60282.99836,87770.38,81500.0
2025-03-04 19:11:26.694614,87585.76,60283.27631,87770.38,81500.0
2025-03-04 19:11:27.868575,87583.21,60283.04235,87770.38,81500.0
2025-03-04 19:11:29.039545,87571.57,60284.0205,87770.38,81500.0
2025-03-04 19:11:30.209093,87562.25,60281.22775,87770.38,81500.0
2025-03-04 19:11:31.381417,87563.69,60282.67576,87770.38,81500.0
2025-03-04 19:11:32.554246,87572.44,60282.70738,87770.38,81500.0
2025-03-04 19:11:33.723844,87609.97,60283.95699,87770.38,81500.0
2025-03-04 19:11:34.902089,87620.15,60283.96268,87770.38,81500.0
2025-03-04 19:11:36.072073,87589.61,60283.2597,87770.38,81500.0
2025-03-04 19:11:37.248989,87577.29,60281.36343,87770.38,81500.0
2025-03-04 19:11:38.420656,87576.87,60281.30212,87770.38,81500.0
2025-03-04 19:11:39.593006,87576.86,60280.75409,87770.38,81500.0
2025-03-04 19:11:40.765062,87587.73,60280.70652,87770.38,81500.0
2025-03-04 19:11:41.938789,87598.05,60283.13059,87770.38,81500.0
2025-03-04 19:11:43.112199,87611.15,60282.52568,87770.38,81500.0
2025-03-04 19:11:44.288393,87647.28,60288.49424,87770.38,81500.0
2025-03-04 19:11:45.462913,87651.19,60292.08952,87770.38,81500.0
2025-03-04 19:11:46.637873,87640.64,60291.8777,87770.38,81500.0
2025-03-04 19:11:47.808092,87621.86,60291.78152,87770.38,81500.0
2025-03-04 19:11:48.981556,87602.9,60292.62868,87770.38,81500.0
2025-03-04 19:11:50.162698,87608.28,60291.13771,87770.38,81500.0
2025-03-04 19:11:51.335909,87603.91,60290.19398,87770.38,81500.0
2025-03-04 19:11:52.513309,87606.08,60292.96851,87770.38,81500.0
2025-03-04 19:11:53.694674,87618.52,60292.96336,87770.38,81500.0
2025-03-04 19:11:54.868767,87622.98,60291.92069,87770.38,81500.0
2025-03-04 19:11:56.043527,87611.54,60291.28555,87770.38,81500.0
2025-03-04 19:11:57.221104,87595.64,60291.0668,87770.38,81500.0
2025-03-04 19:11:58.425029,87589.68,60291.06778,87770.38,81500.0
2025-03-04 19:11:59.600397,87608.63,60291.90671,87770.38,81500.0
2025-03-04 19:12:00.776567,87628.0,60288.92009,87770.38,81500.0
2025-03-04 19:12:01.948027,87693.16,60289.67212,87770.38,81500.0
2025-03-04 19:12:03.118668,87653.02,60290.70397,87770.38,81500.0
2025-03-04 19:12:04.294218,87642.24,60289.43267,87770.38,81500.0
2025-03-04 19:12:05.465167,87642.0,60288.67547,87770.38,81500.0
2025-03-04 19:12:06.639429,87637.6,60287.61824,87770.38,81500.0
2025-03-04 19:12:07.810846,87636.49,60288.53483,87770.38,81500.0
2025-03-04 19:12:08.982796,87657.9,60287.40482,87770.38,81500.0
2025-03-04 19:12:10.155029,87657.89,60286.58337,87770.38,81500.0
2025-03-04 19:12:11.330291,87616.0,60287.48168,87770.38,81500.0
2025-03-04 19:12:12.507594,87608.8,60287.02728,87770.38,81500.0
2025-03-04 19:12:13.678967,87581.96,60279.67346,87770.38,81500.0
2025-03-04 19:12:14.862853,87660.37,60313.74107,87770.38,81500.0
2025-03-04 19:12:16.038740,87662.27,60314.36637,87770.38,81500.0
2025-03-04 19:12:17.214098,87651.58,60314.61498,87770.38,81500.0
2025-03-04 19:12:18.388826,87640.81,60314.73918,87770.38,81500.0
2025-03-04 19:12:19.562791,87657.32,60311.7424,87770.38,81500.0
2025-03-04 19:12:20.739199,87682.89,60312.1092,87770.38,81500.0
2025-03-04 19:12:21.919821,87655.83,60312.7642,87770.38,81500.0
2025-03-04 19:12:23.092573,87671.57,60316.8882,87770.38,81500.0
2025-03-04 19:12:24.266746,87661.67,60316.28196,87770.38,81500.0
2025-03-04 19:12:25.441442,87705.48,60319.72011,87770.38,81500.0
2025-03-04 19:12:26.619638,87718.44,60319.76089,87770.38,81500.0
2025-03-04 19:12:27.801756,87727.19,60319.70942,87770.38,81500.0
2025-03-04 19:12:28.984611,87713.0,60320.74845,87770.38,81500.0
2025-03-04 19:12:30.157337,87710.56,60321.03319,87770.38,81500.0
2025-03-04 19:12:31.331751,87712.3,60321.74263,87770.38,81500.0
2025-03-04 19:12:32.509672,87722.07,60320.92818,87770.38,81500.0
2025-03-04 19:12:33.685297,87769.22,60321.59305,87770.38,81500.0
2025-03-04 19:12:34.858803,87764.83,60324.52235,87770.38,81500.0
2025-03-04 19:12:36.034009,87766.37,60325.93546,87770.38,81500.0
2025-03-04 19:12:37.205321,87771.46,60325.92819,87771.47,81500.0
2025-03-04 19:12:38.381124,87797.65,60342.94153,87797.66,81500.0
2025-03-04 19:12:39.554959,87776.99,60348.45249,87797.66,81500.0
2025-03-04 19:12:40.726508,87759.87,60348.44412,87797.66,81500.0
2025-03-04 19:12:41.898475,87750.0,60349.86104,87797.66,81500.0
2025-03-04 19:12:43.078233,87786.55,60405.54072,87797.66,81500.0
2025-03-04 19:12:44.254453,87788.38,60405.55118,87797.66,81500.0
2025-03-04 19:12:45.427244,87765.63,60405.47851,87797.66,81500.0
2025-03-04 19:12:46.614250,87806.36,60433.67373,87810.81,81500.0
2025-03-04 19:12:47.785431,87801.0,60434.30215,87812.0,81500.0
2025-03-04 19:12:48.958778,87800.01,60437.96275,87812.0,81500.0
2025-03-04 19:12:50.133016,87800.0,60439.64707,87812.0,81500.0
2025-03-04 19:12:51.306836,87800.0,60442.44214,87812.0,81500.0
2025-03-04 19:12:52.481176,87812.49,60444.9095,87812.5,81500.0
2025-03-04 19:12:53.652818,87811.74,60445.78297,87812.5,81500.0
2025-03-04 19:12:54.822765,87807.2,60445.26644,87812.5,81500.0
2025-03-04 19:12:56.002178,87814.06,60450.92756,87828.37,81500.0
2025-03-04 19:12:57.211379,87807.38,60451.58814,87828.37,81500.0
2025-03-04 19:12:58.382165,87808.94,60452.76893,87828.37,81500.0
2025-03-04 19:12:59.594738,87807.38,60453.73292,87828.37,81500.0
2025-03-04 19:13:00.767210,87800.01,60453.80826,87828.37,81500.0
2025-03-04 19:13:01.942795,87800.0,60454.30945,87828.37,81500.0
2025-03-04 19:13:03.121612,87808.93,60455.53591,87828.37,81500.0
2025-03-04 19:13:04.297421,87815.99,60455.89336,87828.37,81500.0
2025-03-04 19:13:05.469042,87805.39,60456.48284,87828.37,81500.0
2025-03-04 19:13:06.644965,87808.26,60457.88808,87828.37,81500.0
2025-03-04 19:13:07.820064,87808.58,60460.44905,87830.18,81500.0
2025-03-04 19:13:08.991327,87802.21,60461.43382,87830.18,81500.0
2025-03-04 19:13:10.167955,87803.97,60461.53207,87830.18,81500.0
2025-03-04 19:13:11.341941,87800.0,60492.54722,87830.18,81500.0
2025-03-04 19:13:12.518539,87775.33,60509.25504,87830.18,81500.0
2025-03-04 19:13:13.691850,87758.84,60509.71564,87830.18,81500.0
2025-03-04 19:13:14.867152,87766.5,60509.94131,87830.18,81500.0
2025-03-04 19:13:16.041655,87771.09,60511.19206,87830.18,81500.0
2025-03-04 19:13:17.217270,87773.58,60512.60489,87830.18,81500.0
2025-03-04 19:13:18.391125,87808.77,60514.36422,87830.18,81500.0
2025-03-04 19:13:19.565282,87795.07,60516.59429,87830.18,81500.0
2025-03-04 19:13:20.737814,87776.5,60516.8586,87830.18,81500.0
2025-03-04 19:13:21.916478,87878.52,60532.42916,87878.53,81500.0
2025-03-04 19:13:23.091910,87871.21,60536.78536,87878.53,81500.0
2025-03-04 19:13:24.264466,87875.4,60537.03772,87878.53,81500.0
2025-03-04 19:13:25.440265,87860.0,60532.84315,87878.53,81500.0
2025-03-04 19:13:26.616360,87860.01,60533.25804,87878.53,81500.0
2025-03-04 19:13:27.791964,87839.89,60536.15699,87878.53,81500.0
2025-03-04 19:13:28.968532,87875.4,60538.55894,87878.53,81500.0
2025-03-04 19:13:30.142986,87877.08,60537.90715,87878.53,81500.0
2025-03-04 19:13:31.318354,87877.08,60537.81262,87878.53,81500.0
2025-03-04 19:13:32.494379,87890.16,60544.30131,87890.16,81500.0
2025-03-04 19:13:33.672505,87905.7,60543.84415,87905.71,81500.0
2025-03-04 19:13:34.849424,87905.7,60543.14512,87905.71,81500.0
2025-03-04 19:13:36.020780,87892.25,60544.22398,87905.71,81500.0
2025-03-04 19:13:37.196532,87878.01,60544.07211,87905.71,81500.0
2025-03-04 19:13:38.371759,87886.79,60545.59848,87905.71,81500.0
2025-03-04 19:13:39.546633,87889.25,60545.76525,87905.71,81500.0
2025-03-04 19:13:40.721961,87892.46,60545.86035,87905.71,81500.0
2025-03-04 19:13:41.894229,87884.96,60545.96197,87905.71,81500.0
2025-03-04 19:13:43.070539,87899.51,60545.65121,87905.71,81500.0
2025-03-04 19:13:44.243966,87895.52,60545.58926,87905.71,81500.0
2025-03-04 19:13:45.418289,87942.49,60551.29288,87944.45,81500.0
2025-03-04 19:13:46.591631,87945.05,60451.22334,87950.0,81500.0
2025-03-04 19:13:47.766148,87950.0,60443.29443,87950.0,81500.0
2025-03-04 19:13:48.938307,87944.51,60440.66758,87950.0,81500.0
2025-03-04 19:13:50.112961,87968.01,60432.67125,87968.01,81500.0
2025-03-04 19:13:51.287362,87965.59,60382.17646,87968.01,81500.0
2025-03-04 19:13:52.462695,87974.64,60429.54626,87980.0,81500.0
2025-03-04 19:13:53.633244,87980.0,60441.9759,87980.0,81500.0
2025-03-04 19:13:54.805710,87979.99,60443.18593,87980.0,81500.0
2025-03-04 19:13:55.984097,87965.6,60440.66917,87980.0,81500.0
2025-03-04 19:13:57.158450,87924.53,60441.86019,87980.0,81500.0
2025-03-04 19:13:58.331421,87927.95,60439.58366,87980.0,81500.0
2025-03-04 19:13:59.505218,87913.02,60436.65628,87980.0,81500.0
2025-03-04 19:14:00.687901,87907.88,60435.79895,87980.0,81500.0
2025-03-04 19:14:01.869357,87877.2,60438.9162,87980.0,81500.0
2025-03-04 19:14:03.045502,87907.51,60439.22472,87980.0,81500.0
2025-03-04 19:14:04.221576,87919.11,60440.99184,87980.0,81500.0
2025-03-04 19:14:05.397280,87918.68,60441.09419,87980.0,81500.0
2025-03-04 19:14:06.576669,87951.99,60442.42454,87980.0,81500.0
2025-03-04 19:14:07.751285,87953.79,60441.91481,87980.0,81500.0
2025-03-04 19:14:08.929943,87970.03,60441.43853,87980.0,81500.0
2025-03-04 19:14:10.103253,87956.31,60443.0709,87980.0,81500.0
2025-03-04 19:14:11.286989,87979.99,60441.19409,87980.0,81500.0
2025-03-04 19:14:12.462148,88032.6,60515.36453,88032.61,81500.0
2025-03-04 19:14:13.638198,88014.99,60520.19517,88032.61,81500.0
2025-03-04 19:14:14.821434,87993.63,60522.48078,88032.61,81500.0
2025-03-04 19:14:15.995179,88000.0,60523.04486,88032.61,81500.0
2025-03-04 19:14:17.168876,88042.79,60531.06604,88042.79,81500.0
2025-03-04 19:14:18.345736,88020.79,60535.97015,88042.79,81500.0
2025-03-04 19:14:19.517218,88016.4,60536.43393,88042.79,81500.0
2025-03-04 19:14:20.689501,88016.41,60526.1919,88042.79,81500.0
2025-03-04 19:14:21.865751,87980.0,60526.99757,88042.79,81500.0
2025-03-04 19:14:23.045622,87958.22,60535.67263,88042.79,81500.0
2025-03-04 19:14:24.219029,87970.93,60536.57445,88042.79,81500.0
2025-03-04 19:14:25.394721,88012.8,60539.36587,88042.79,81500.0
2025-03-04 19:14:26.570536,88036.96,60539.83155,88042.79,81500.0
2025-03-04 19:14:27.744983,88015.29,60540.48571,88042.79,81500.0
2025-03-04 19:14:28.916182,88002.11,60539.51557,88042.79,81500.0
2025-03-04 19:14:30.091531,88071.99,60543.88258,88077.37,81500.0
2025-03-04 19:14:31.270528,88074.19,60544.49365,88077.37,81500.0
2025-03-04 19:14:32.445375,88066.93,60544.61213,88080.13,81500.0
2025-03-04 19:14:33.621576,88064.53,60543.69294,88080.13,81500.0
2025-03-04 19:14:34.803121,88080.97,60542.88647,88080.99,81500.0
2025-03-04 19:14:35.982729,88076.58,60535.01617,88080.99,81500.0
2025-03-04 19:14:37.157952,88071.56,60534.38881,88080.99,81500.0
2025-03-04 19:14:38.339332,88048.4,60532.0026,88080.99,81500.0
2025-03-04 19:14:39.515972,88020.87,60531.96768,88080.99,81500.0
2025-03-04 19:14:40.690061,88016.16,60534.65076,88080.99,81500.0
2025-03-04 19:14:41.866808,87991.22,60533.96085,88080.99,81500.0
2025-03-04 19:14:43.041121,88002.54,60533.61228,88080.99,81500.0
2025-03-04 19:14:44.223179,87984.83,60529.522,88080.99,81500.0
2025-03-04 19:14:45.396657,88002.62,60530.77548,88080.99,81500.0
2025-03-04 19:14:46.569763,87980.55,60531.13719,88080.99,81500.0
2025-03-04 19:14:47.746248,87979.97,60531.8214,88080.99,81500.0
2025-03-04 19:14:48.919891,87975.56,60532.10232,88080.99,81500.0
2025-03-04 19:14:50.093134,87977.34,60533.26021,88080.99,81500.0
2025-03-04 19:14:51.268108,87979.96,60533.41097,88080.99,81500.0
2025-03-04 19:14:52.443162,87972.18,60533.0723,88080.99,81500.0
2025-03-04 19:14:53.618409,87984.27,60532.30668,88080.99,81500.0
2025-03-04 19:14:54.796012,88025.39,60536.08904,88080.99,81500.0
2025-03-04 19:14:55.972608,88000.49,60535.48768,88080.99,81500.0
2025-03-04 19:14:57.149753,87980.48,60536.70305,88080.99,81500.0
2025-03-04 19:14:58.323949,88000.01,60536.70222,88080.99,81500.0
2025-03-04 19:14:59.503827,88071.28,60548.78275,88080.99,81500.0
2025-03-04 19:15:00.678886,88123.7,60560.81657,88164.0,81500.0
2025-03-04 19:15:01.859427,88066.45,60558.80085,88164.0,81500.0
2025-03-04 19:15:03.033867,88025.4,60559.72622,88164.0,81500.0
2025-03-04 19:15:04.208600,88040.2,60578.11407,88164.0,81500.0
2025-03-04 19:15:05.394527,88124.57,60592.08246,88164.0,81500.0
2025-03-04 19:15:06.614158,88151.12,60595.35191,88164.0,81500.0
2025-03-04 19:15:07.789466,88155.36,60596.59354,88165.78,81500.0
2025-03-04 19:15:08.959050,88164.39,60596.89036,88165.78,81500.0
2025-03-04 19:15:10.130110,88151.77,60597.28511,88165.78,81500.0
2025-03-04 19:15:11.304364,88161.96,60599.58918,88179.89,81500.0
2025-03-04 19:15:12.478454,88127.18,60599.93545,88179.89,81500.0
2025-03-04 19:15:13.651698,88096.43,60599.69685,88179.89,81500.0
2025-03-04 19:15:14.828097,88085.01,60602.69029,88179.89,81500.0
2025-03-04 19:15:16.016219,88075.52,60603.41049,88179.89,81500.0
2025-03-04 19:15:17.194452,88032.46,60603.32362,88179.89,81500.0
2025-03-04 19:15:18.367689,88004.45,60604.03024,88179.89,81500.0
2025-03-04 19:15:19.541798,88003.8,60603.97644,88179.89,81500.0
2025-03-04 19:15:20.719378,87982.43,60606.4463,88179.89,81500.0
2025-03-04 19:15:21.894691,87971.37,60607.58324,88179.89,81500.0
2025-03-04 19:15:23.071322,87964.0,60607.36515,88179.89,81500.0
2025-03-04 19:15:24.243999,87963.12,60605.22802,88179.89,81500.0
2025-03-04 19:15:25.419638,88028.92,60605.52684,88179.89,81500.0
2025-03-04 19:15:26.593126,88011.88,60606.04282,88179.89,81500.0
2025-03-04 19:15:27.763940,87987.81,60607.48786,88179.89,81500.0
2025-03-04 19:15:28.939445,87966.96,60612.57893,88179.89,81500.0
2025-03-04 19:15:30.215845,87970.63,60612.44408,88179.89,81500.0
2025-03-04 19:15:31.391889,87967.02,60612.09284,88179.89,81500.0
2025-03-04 19:15:32.566914,87960.78,60611.87966,88179.89,81500.0
2025-03-04 19:15:33.740999,87943.39,60611.79136,88179.89,81500.0
2025-03-04 19:15:34.919158,87943.54,60611.02149,88179.89,81500.0
2025-03-04 19:15:36.092775,87945.98,60611.64611,88179.89,81500.0
2025-03-04 19:15:37.275133,87900.01,60623.17911,88179.89,81500.0
2025-03-04 19:15:38.449220,87863.96,60624.09654,88179.89,81500.0
2025-03-04 19:15:39.625425,87850.8,60624.32603,88179.89,81500.0
2025-03-04 19:15:40.797353,87832.93,60631.30366,88179.89,81500.0
2025-03-04 19:15:41.976002,87818.15,60637.17861,88179.89,81500.0
2025-03-04 19:15:43.147730,87796.22,60636.65405,88179.89,81500.0
2025-03-04 19:15:44.323338,87795.2,60643.49014,88179.89,81500.0
2025-03-04 19:15:45.500417,87841.6,60632.34135,88179.89,81500.0
2025-03-04 19:15:46.687787,87825.5,60619.96832,88179.89,81500.0
2025-03-04 19:15:47.863980,87824.23,60619.03227,88179.89,81500.0
2025-03-04 19:15:49.033451,87811.21,60612.56938,88179.89,81500.0
2025-03-04 19:15:50.210339,87844.7,60607.46448,88179.89,81500.0
2025-03-04 19:15:51.386907,87899.61,60607.80249,88179.89,81500.0
2025-03-04 19:15:52.564337,87863.76,60608.01912,88179.89,81500.0
2025-03-04 19:15:53.742214,87855.76,60610.20975,88179.89,81500.0
2025-03-04 19:15:54.916745,87869.71,60610.72516,88179.89,81500.0
2025-03-04 19:15:56.091697,87874.92,60609.65299,88179.89,81500.0
2025-03-04 19:15:57.263182,87870.56,60608.95807,88179.89,81500.0
2025-03-04 19:15:58.440475,87886.21,60608.5404,88179.89,81500.0
2025-03-04 19:15:59.616022,87900.12,60608.42116,88179.89,81500.0
2025-03-04 19:16:00.790035,87904.3,60606.1084,88179.89,81500.0
2025-03-04 19:16:01.966487,87930.67,60604.29831,88179.89,81500.0
2025-03-04 19:16:03.143206,87947.27,60599.54593,88179.89,81500.0
2025-03-04 19:16:04.319891,87981.58,60597.14198,88179.89,81500.0
2025-03-04 19:16:05.500053,87983.12,60595.75745,88179.89,81500.0
2025-03-04 19:16:06.681607,88025.39,60602.26616,88179.89,81500.0
2025-03-04 19:16:07.855817,88015.28,60601.05091,88179.89,81500.0
2025-03-04 19:16:09.030067,87992.46,60600.67583,88179.89,81500.0
2025-03-04 19:16:10.207337,88009.59,60600.17398,88179.89,81500.0
2025-03-04 19:16:11.387330,87975.68,60599.89143,88179.89,81500.0
2025-03-04 19:16:12.561760,88025.8,60599.88444,88179.89,81500.0
2025-03-04 19:16:13.737390,88032.57,60602.06107,88179.89,81500.0
2025-03-04 19:16:14.908919,88039.1,60600.91435,88179.89,81500.0
2025-03-04 19:16:16.085986,88089.73,60601.32757,88179.89,81500.0
2025-03-04 19:16:17.299653,88114.85,60600.65458,88179.89,81500.0
2025-03-04 19:16:18.472355,88123.54,60599.51565,88179.89,81500.0
2025-03-04 19:16:19.647860,88137.67,60598.04814,88179.89,81500.0
2025-03-04 19:16:20.826391,88140.35,60594.76746,88179.89,81500.0
2025-03-04 19:16:22.005265,88133.91,60593.9365,88179.89,81500.0
2025-03-04 19:16:23.184124,88132.47,60593.86205,88179.89,81500.0
2025-03-04 19:16:24.362696,88109.42,60592.11179,88179.89,81500.0
2025-03-04 19:16:25.538855,88106.81,60591.50944,88179.89,81500.0
2025-03-04 19:16:26.719651,88143.25,60591.75372,88179.89,81500.0
2025-03-04 19:16:27.895837,88143.27,60590.00294,88179.89,81500.0
2025-03-04 19:16:29.103991,88139.22,60590.00852,88179.89,81500.0
2025-03-04 19:16:30.280468,88147.66,60588.996,88179.89,81500.0
2025-03-04 19:16:31.457522,88147.65,60586.17796,88179.89,81500.0
2025-03-04 19:16:32.632149,88156.23,60585.86764,88179.89,81500.0
2025-03-04 19:16:33.808907,88186.52,60603.73892,88198.22,81500.0
2025-03-04 19:16:34.981594,88186.68,60602.93525,88198.22,81500.0
2025-03-04 19:16:36.158512,88176.85,60606.12524,88198.22,81500.0
2025-03-04 19:16:37.332733,88169.83,60606.10412,88198.22,81500.0
2025-03-04 19:16:38.504909,88164.73,60605.0442,88198.22,81500.0
2025-03-04 19:16:39.682887,88177.95,60608.47507,88198.22,81500.0
2025-03-04 19:16:40.858173,88153.05,60605.41204,88198.22,81500.0
2025-03-04 19:16:42.036675,88148.66,60605.61367,88198.22,81500.0
2025-03-04 19:16:43.219658,88153.54,60604.5253,88198.22,81500.0
2025-03-04 19:16:44.392319,88153.04,60600.65047,88198.22,81500.0
2025-03-04 19:16:45.568156,88187.28,60600.93137,88198.22,81500.0
2025-03-04 19:16:46.745261,88197.63,60600.03831,88198.22,81500.0
2025-03-04 19:16:47.920227,88198.22,60619.51904,88198.22,81500.0
2025-03-04 19:16:49.096601,88249.99,60727.6812,88250.0,81500.0
2025-03-04 19:16:50.272610,88259.81,60730.60898,88259.81,81500.0
2025-03-04 19:16:51.446462,88270.65,60732.3949,88288.0,81500.0
2025-03-04 19:16:52.631396,88243.4,60731.34137,88288.0,81500.0
2025-03-04 19:16:53.816452,88201.93,60731.18444,88288.0,81500.0
2025-03-04 19:16:54.990236,88180.22,60731.26846,88288.0,81500.0
2025-03-04 19:16:56.167123,88159.21,60729.90396,88288.0,81500.0
2025-03-04 19:16:57.343909,88180.21,60732.19583,88288.0,81500.0
2025-03-04 19:16:58.522930,88179.44,60732.46447,88288.0,81500.0
2025-03-04 19:16:59.698027,88206.28,60731.55116,88288.0,81500.0
2025-03-04 19:17:00.874118,88203.4,60731.18327,88288.0,81500.0
2025-03-04 19:17:02.049335,88190.67,60729.4673,88288.0,81500.0
2025-03-04 19:17:03.226341,88231.35,60730.62863,88288.0,81500.0
2025-03-04 19:17:04.400019,88236.76,60729.90051,88288.0,81500.0
2025-03-04 19:17:05.574752,88225.75,60729.67564,88288.0,81500.0
2025-03-04 19:17:06.749278,88207.48,60729.09386,88288.0,81500.0
2025-03-04 19:17:07.926519,88207.48,60730.01053,88288.0,81500.0
2025-03-04 19:17:09.100751,88225.08,60732.60553,88288.0,81500.0
2025-03-04 19:17:10.280133,88230.67,60732.65307,88288.0,81500.0
2025-03-04 19:17:11.457609,88210.01,60732.15831,88288.0,81500.0
2025-03-04 19:17:12.633328,88197.98,60734.63078,88288.0,81500.0
2025-03-04 19:17:13.808222,88228.87,60734.81267,88288.0,81500.0
2025-03-04 19:17:14.983743,88228.87,60733.61326,88288.0,81500.0
2025-03-04 19:17:16.162160,88204.42,60731.96614,88288.0,81500.0
2025-03-04 19:17:17.346439,88186.95,60721.54788,88288.0,81500.0
2025-03-04 19:17:18.523603,88159.36,60714.29872,88288.0,81500.0
2025-03-04 19:17:19.709334,88156.99,60708.26014,88288.0,81500.0
2025-03-04 19:17:20.892303,88185.82,60708.71183,88288.0,81500.0
2025-03-04 19:17:22.072723,88192.02,60700.38733,88288.0,81500.0
2025-03-04 19:17:23.250463,88195.02,60699.43351,88288.0,81500.0
2025-03-04 19:17:24.426615,88176.82,60683.71038,88288.0,81500.0
2025-03-04 19:17:25.603756,88192.27,60680.51585,88288.0,81500.0
2025-03-04 19:17:26.776417,88200.0,60673.27238,88288.0,81500.0
2025-03-04 19:17:27.958209,88227.1,60677.53965,88288.0,81500.0
2025-03-04 19:17:29.134259,88227.8,60674.96091,88288.0,81500.0
2025-03-04 19:17:30.309699,88236.77,60670.3939,88288.0,81500.0
2025-03-04 19:17:31.492952,88278.35,60669.45853,88288.0,81500.0
2025-03-04 19:17:32.669085,88264.38,60663.6778,88288.0,81500.0
2025-03-04 19:17:33.848715,88280.0,60663.74502,88288.0,81500.0
2025-03-04 19:17:35.024537,88268.36,60660.65511,88288.0,81500.0
2025-03-04 19:17:36.200307,88261.04,60658.96254,88288.0,81500.0
2025-03-04 19:17:37.377051,88282.2,60658.36415,88288.0,81500.0
2025-03-04 19:17:38.554219,88266.16,60657.39462,88288.0,81500.0
2025-03-04 19:17:39.733105,88254.04,60659.56597,88288.0,81500.0
2025-03-04 19:17:40.908893,88266.72,60658.95603,88288.0,81500.0
2025-03-04 19:17:42.089613,88215.09,60662.25824,88288.0,81500.0
2025-03-04 19:17:43.266281,88288.0,60669.11249,88288.0,81500.0
2025-03-04 19:17:44.441997,88264.73,60668.11962,88288.0,81500.0
2025-03-04 19:17:45.621177,88264.72,60667.63543,88288.0,81500.0
2025-03-04 19:17:46.798745,88280.18,60666.81996,88288.0,81500.0
2025-03-04 19:17:47.975013,88288.0,60666.15631,88288.0,81500.0
2025-03-04 19:17:49.158187,88299.99,60668.03625,88300.0,81500.0
2025-03-04 19:17:50.333667,88282.36,60673.75237,88300.0,81500.0
2025-03-04 19:17:51.514013,88267.29,60673.16013,88300.0,81500.0
2025-03-04 19:17:52.692027,88270.3,60677.84739,88300.0,81500.0
2025-03-04 19:17:53.865550,88299.95,60675.65037,88300.0,81500.0
2025-03-04 19:17:55.045568,88292.18,60675.09754,88300.0,81500.0
2025-03-04 19:17:56.226289,88288.86,60675.18762,88300.0,81500.0
2025-03-04 19:17:57.407831,88268.18,60674.6622,88300.0,81500.0
2025-03-04 19:17:58.581099,88268.17,60670.69571,88300.0,81500.0
2025-03-04 19:17:59.759408,88258.1,60670.51034,88300.0,81500.0
2025-03-04 19:18:00.937128,88241.86,60669.43387,88300.0,81500.0
2025-03-04 19:18:02.112343,88210.5,60675.43996,88300.0,81500.0
2025-03-04 19:18:03.291761,88186.72,60675.46743,88300.0,81500.0
2025-03-04 19:18:04.468256,88180.0,60648.89972,88300.0,81500.0
2025-03-04 19:18:05.646104,88173.29,60647.86445,88300.0,81500.0
2025-03-04 19:18:06.822529,88174.05,60646.54594,88300.0,81500.0
2025-03-04 19:18:08.001845,88160.31,60647.40505,88300.0,81500.0
2025-03-04 19:18:09.183507,88154.09,60646.97983,88300.0,81500.0
2025-03-04 19:18:10.357956,88192.38,60649.2012,88300.0,81500.0
2025-03-04 19:18:11.536264,88211.68,60648.42899,88300.0,81500.0
2025-03-04 19:18:12.714694,88215.95,60647.04411,88300.0,81500.0
2025-03-04 19:18:13.893527,88272.11,60647.068,88300.0,81500.0
2025-03-04 19:18:15.069332,88290.74,60648.44663,88300.0,81500.0
2025-03-04 19:18:16.246111,88290.91,60648.05032,88300.0,81500.0
2025-03-04 19:18:17.422031,88290.91,60644.91509,88300.0,81500.0
2025-03-04 19:18:18.600022,88299.99,60646.90315,88308.81,81500.0
2025-03-04 19:18:19.777856,88282.0,60647.66313,88308.81,81500.0
2025-03-04 19:18:20.960782,88275.97,60647.30979,88308.81,81500.0
2025-03-04 19:18:22.135806,88244.61,60649.05859,88308.81,81500.0
2025-03-04 19:18:23.309501,88219.38,60648.51407,88308.81,81500.0
2025-03-04 19:18:24.488089,88219.29,60648.37835,88308.81,81500.0
2025-03-04 19:18:25.664175,88291.02,60653.35749,88308.81,81500.0
2025-03-04 19:18:26.840983,88256.97,60652.07769,88308.81,81500.0
2025-03-04 19:18:28.021994,88256.98,60651.9228,88308.81,81500.0
2025-03-04 19:18:29.204173,88244.93,60651.76257,88308.81,81500.0
2025-03-04 19:18:30.378979,88241.63,60651.07203,88308.81,81500.0
2025-03-04 19:18:31.554205,88231.18,60638.69672,88308.81,81500.0
2025-03-04 19:18:32.745895,88241.64,60638.80951,88308.81,81500.0
2025-03-04 19:18:33.919036,88270.85,60639.8219,88308.81,81500.0
2025-03-04 19:18:35.099391,88283.02,60639.14332,88308.81,81500.0
2025-03-04 19:18:36.276009,88289.78,60642.0878,88308.81,81500.0
2025-03-04 19:18:37.453440,88323.51,60641.88767,88323.52,81500.0
2025-03-04 19:18:38.632140,88302.11,60640.94085,88323.52,81500.0
2025-03-04 19:18:39.821944,88310.26,60637.80228,88323.52,81500.0
2025-03-04 19:18:40.999912,88291.76,60637.80116,88323.52,81500.0
2025-03-04 19:18:42.174979,88302.68,60637.60797,88323.52,81500.0
2025-03-04 19:18:43.353861,88287.37,60636.37957,88323.52,81500.0
2025-03-04 19:18:44.533791,88282.25,60636.26925,88323.52,81500.0
2025-03-04 19:18:45.706902,88311.24,60635.55639,88323.52,81500.0
2025-03-04 19:18:46.888563,88324.5,60635.70458,88324.5,81500.0
2025-03-04 19:18:48.063723,88314.94,60632.59416,88324.5,81500.0
2025-03-04 19:18:49.241011,88287.2,60634.67545,88324.5,81500.0
2025-03-04 19:18:50.418942,88288.71,60635.08183,88324.5,81500.0
2025-03-04 19:18:51.597942,88299.96,60634.67237,88324.5,81500.0
2025-03-04 19:18:52.788106,88321.37,60632.7832,88324.5,81500.0
2025-03-04 19:18:53.965037,88321.37,60632.65181,88324.5,81500.0
2025-03-04 19:18:55.136650,88311.26,60633.32157,88324.5,81500.0
2025-03-04 19:18:56.315148,88300.0,60634.8872,88324.5,81500.0
2025-03-04 19:18:57.495247,88300.0,60634.89825,88324.5,81500.0
2025-03-04 19:18:58.671009,88293.6,60634.47808,88324.5,81500.0
2025-03-04 19:18:59.848992,88333.0,60643.17115,88333.0,81500.0
2025-03-04 19:19:01.023566,88332.02,60642.93414,88333.0,81500.0
2025-03-04 19:19:02.204745,88299.19,60643.66765,88333.0,81500.0
2025-03-04 19:19:03.378348,88294.8,60643.30879,88333.0,81500.0
2025-03-04 19:19:04.552772,88317.35,60642.14061,88333.0,81500.0
2025-03-04 19:19:05.726103,88325.45,60646.35652,88341.64,81500.0
2025-03-04 19:19:06.904240,88355.95,60646.99939,88357.98,81500.0
2025-03-04 19:19:08.082508,88387.99,60647.53386,88388.0,81500.0
2025-03-04 19:19:09.268060,88388.0,60646.91293,88388.0,81500.0
2025-03-04 19:19:10.459555,88405.39,60654.01406,88405.4,81500.0
2025-03-04 19:19:11.634074,88405.4,60653.55029,88405.4,81500.0
2025-03-04 19:19:12.807671,88377.15,60659.28063,88405.4,81500.0
2025-03-04 19:19:13.987177,88377.16,60659.78894,88405.4,81500.0
2025-03-04 19:19:15.162987,88304.0,60661.96607,88405.4,81500.0
2025-03-04 19:19:16.336584,88275.3,60665.49733,88405.4,81500.0
2025-03-04 19:19:17.513865,88241.26,60665.90095,88405.4,81500.0
2025-03-04 19:19:18.694041,88218.46,60665.14858,88405.4,81500.0
2025-03-04 19:19:19.870223,88205.04,60664.24841,88405.4,81500.0
2025-03-04 19:19:21.046511,88215.81,60675.20716,88405.4,81500.0
2025-03-04 19:19:22.221558,88175.99,60668.49608,88405.4,81500.0
2025-03-04 19:19:23.394112,88196.86,60669.89218,88405.4,81500.0
2025-03-04 19:19:24.569781,88162.01,60670.34257,88405.4,81500.0
2025-03-04 19:19:25.744334,88162.01,60669.70455,88405.4,81500.0
2025-03-04 19:19:26.916772,88181.44,60672.49149,88405.4,81500.0
2025-03-04 19:19:28.093924,88220.0,60674.47125,88405.4,81500.0
2025-03-04 19:19:29.273739,88209.76,60674.36103,88405.4,81500.0
2025-03-04 19:19:30.456864,88181.87,60674.99426,88405.4,81500.0
2025-03-04 19:19:31.635774,88169.81,60680.33583,88405.4,81500.0
2025-03-04 19:19:32.814969,88169.82,60680.30314,88405.4,81500.0
2025-03-04 19:19:33.994315,88174.23,60680.24012,88405.4,81500.0
2025-03-04 19:19:35.173488,88146.39,60680.40612,88405.4,81500.0
2025-03-04 19:19:36.351724,88144.02,60680.15021,88405.4,81500.0
2025-03-04 19:19:37.527335,88148.42,60678.33863,88405.4,81500.0
2025-03-04 19:19:38.705413,88159.07,60678.86182,88405.4,81500.0
2025-03-04 19:19:39.885550,88148.02,60679.34163,88405.4,81500.0
2025-03-04 19:19:41.078550,88135.98,60677.1847,88405.4,81500.0
2025-03-04 19:19:42.251288,88135.98,60677.72824,88405.4,81500.0
2025-03-04 19:19:43.430965,88135.98,60677.73717,88405.4,81500.0
2025-03-04 19:19:44.611828,88122.72,60677.45786,88405.4,81500.0
2025-03-04 19:19:45.797112,88121.35,60676.4691,88405.4,81500.0
2025-03-04 19:19:46.975422,88094.33,60677.39294,88405.4,81500.0
2025-03-04 19:19:48.147170,88087.07,60678.42752,88405.4,81500.0
2025-03-04 19:19:49.325592,88128.51,60678.90038,88405.4,81500.0
2025-03-04 19:19:50.500610,88117.29,60678.71732,88405.4,81500.0
2025-03-04 19:19:51.673961,88098.46,60675.89467,88405.4,81500.0
2025-03-04 19:19:52.849086,88092.24,60675.2416,88405.4,81500.0
2025-03-04 19:19:54.023371,88099.98,60674.78108,88405.4,81500.0
2025-03-04 19:19:55.202711,88078.77,60674.53898,88405.4,81500.0
2025-03-04 19:19:56.381592,88076.61,60673.45827,88405.4,81500.0
2025-03-04 19:19:57.560601,88062.01,60672.44416,88405.4,81500.0
2025-03-04 19:19:58.741356,88065.6,60672.46677,88405.4,81500.0
2025-03-04 19:19:59.916869,88061.21,60672.5227,88405.4,81500.0
2025-03-04 19:20:01.095549,88053.59,60673.11577,88405.4,81500.0
2025-03-04 19:20:02.268806,88056.48,60672.11204,88405.4,81500.0
2025-03-04 19:20:03.447673,88025.14,60672.44247,88405.4,81500.0
2025-03-04 19:20:04.624558,88043.4,60672.8352,88405.4,81500.0
2025-03-04 19:20:05.801945,88048.2,60674.12304,88405.4,81500.0
2025-03-04 19:20:06.975229,87987.56,60675.48067,88405.4,81500.0
2025-03-04 19:20:08.150998,87939.4,60676.59883,88405.4,81500.0
2025-03-04 19:20:09.329387,87930.33,60677.25551,88405.4,81500.0
2025-03-04 19:20:10.504799,87915.39,60679.39956,88405.4,81500.0
2025-03-04 19:20:11.680856,87914.44,60677.68587,88405.4,81500.0
2025-03-04 19:20:12.852821,87939.99,60676.01319,88405.4,81500.0
2025-03-04 19:20:14.033106,87971.84,60678.29996,88405.4,81500.0
2025-03-04 19:20:15.210753,87971.8,60676.39339,88405.4,81500.0
2025-03-04 19:20:16.390010,87984.13,60676.29226,88405.4,81500.0
2025-03-04 19:20:17.570700,87956.97,60677.16295,88405.4,81500.0
2025-03-04 19:20:18.753102,87954.59,60676.81006,88405.4,81500.0
2025-03-04 19:20:19.933675,87943.29,60676.57506,88405.4,81500.0
2025-03-04 19:20:21.109855,87937.65,60682.06081,88405.4,81500.0
2025-03-04 19:20:22.281036,87980.01,60682.58214,88405.4,81500.0
2025-03-04 19:20:23.457895,87982.55,60677.22864,88405.4,81500.0
2025-03-04 19:20:24.638554,88000.0,60677.11193,88405.4,81500.0
2025-03-04 19:20:25.812129,88029.29,60678.57429,88405.4,81500.0
2025-03-04 19:20:26.989136,88024.78,60678.61361,88405.4,81500.0
2025-03-04 19:20:28.165804,88050.85,60679.55776,88405.4,81500.0
2025-03-04 19:20:29.339472,88082.39,60685.78779,88405.4,81500.0
2025-03-04 19:20:30.520684,88098.49,60685.83269,88405.4,81500.0
2025-03-04 19:20:31.704754,88117.28,60686.71841,88405.4,81500.0
2025-03-04 19:20:32.880128,88075.64,60687.24526,88405.4,81500.0
2025-03-04 19:20:34.055574,88103.13,60687.28992,88405.4,81500.0
2025-03-04 19:20:35.232235,88075.65,60687.42851,88405.4,81500.0
2025-03-04 19:20:36.411589,88098.14,60686.5514,88405.4,81500.0
2025-03-04 19:20:37.592546,88143.62,60687.37681,88405.4,81500.0
2025-03-04 19:20:38.767128,88103.93,60688.92243,88405.4,81500.0
2025-03-04 19:20:39.953575,88086.54,60673.78751,88405.4,81500.0
2025-03-04 19:20:41.133552,88106.34,60672.74033,88405.4,81500.0
2025-03-04 19:20:42.314482,88088.01,60670.87215,88405.4,81500.0
2025-03-04 19:20:43.494030,88101.53,60676.2503,88405.4,81500.0
2025-03-04 19:20:44.673404,88109.21,60681.81735,88405.4,81500.0
2025-03-04 19:20:45.853487,88076.05,60682.51436,88405.4,81500.0
2025-03-04 19:20:47.036519,88074.58,60683.529,88405.4,81500.0
2025-03-04 19:20:48.214305,88074.58,60683.83944,88405.4,81500.0
2025-03-04 19:20:49.382395,88119.94,60689.20898,88405.4,81500.0
2025-03-04 19:20:50.561445,88132.07,60689.30483,88405.4,81500.0
2025-03-04 19:20:51.744761,88132.1,60689.15666,88405.4,81500.0
2025-03-04 19:20:52.921990,88138.74,60688.13759,88405.4,81500.0
2025-03-04 19:20:54.100848,88164.17,60687.66681,88405.4,81500.0
2025-03-04 19:20:55.279465,88174.47,60688.01803,88405.4,81500.0
2025-03-04 19:20:56.458107,88166.62,60688.7234,88405.4,81500.0
2025-03-04 19:20:57.631577,88153.19,60690.31327,88405.4,81500.0
2025-03-04 19:20:58.807523,88178.11,60689.77496,88405.4,81500.0
2025-03-04 19:20:59.984101,88202.05,60689.24286,88405.4,81500.0
2025-03-04 19:21:01.159308,88221.2,60687.75927,88405.4,81500.0
2025-03-04 19:21:02.351044,88182.31,60683.84762,88405.4,81500.0
2025-03-04 19:21:03.528846,88177.72,60682.58384,88405.4,81500.0
2025-03-04 19:21:04.707181,88157.15,60683.12253,88405.4,81500.0
2025-03-04 19:21:05.881733,88171.05,60682.29725,88405.4,81500.0
2025-03-04 19:21:07.055867,88153.84,60682.9851,88405.4,81500.0
2025-03-04 19:21:08.232042,88122.48,60682.7886,88405.4,81500.0
2025-03-04 19:21:09.410425,88116.13,60678.97393,88405.4,81500.0
2025-03-04 19:21:10.587393,88124.6,60678.39301,88405.4,81500.0
2025-03-04 19:21:11.766853,88120.76,60675.39334,88405.4,81500.0
2025-03-04 19:21:12.954574,88152.78,60674.91645,88405.4,81500.0
2025-03-04 19:21:14.131217,88162.05,60674.80602,88405.4,81500.0
2025-03-04 19:21:15.320320,88149.27,60673.64751,88405.4,81500.0
2025-03-04 19:21:16.495197,88149.27,60672.78513,88405.4,81500.0
2025-03-04 19:21:17.675852,88169.82,60664.82088,88405.4,81500.0
2025-03-04 19:21:18.851595,88140.01,60665.29378,88405.4,81500.0
2025-03-04 19:21:20.029490,88132.07,60662.85872,88405.4,81500.0
2025-03-04 19:21:21.219921,88121.04,60661.2674,88405.4,81500.0
2025-03-04 19:21:22.403511,88136.18,60660.70334,88405.4,81500.0
2025-03-04 19:21:23.580807,88110.28,60660.82633,88405.4,81500.0
2025-03-04 19:21:24.755025,88103.45,60660.20449,88405.4,81500.0
2025-03-04 19:21:25.934716,88092.24,60662.10871,88405.4,81500.0
2025-03-04 19:21:27.112228,88121.78,60661.73691,88405.4,81500.0
2025-03-04 19:21:28.291600,88159.85,60663.45674,88405.4,81500.0
2025-03-04 19:21:29.466931,88173.63,60663.45034,88405.4,81500.0
2025-03-04 19:21:30.646059,88169.31,60653.94011,88405.4,81500.0
2025-03-04 19:21:31.822530,88164.83,60653.84281,88405.4,81500.0
2025-03-04 19:21:32.997469,88160.41,60653.34834,88405.4,81500.0
2025-03-04 19:21:34.174551,88120.19,60652.91821,88405.4,81500.0
2025-03-04 19:21:35.356834,88104.6,60649.71763,88405.4,81500.0
2025-03-04 19:21:36.538063,88106.35,60648.48555,88405.4,81500.0
2025-03-04 19:21:37.717062,88095.22,60648.54774,88405.4,81500.0
2025-03-04 19:21:38.891841,88085.07,60654.33969,88405.4,81500.0
2025-03-04 19:21:40.069517,88082.4,60654.05568,88405.4,81500.0
2025-03-04 19:21:41.249569,88090.65,60652.70047,88405.4,81500.0
2025-03-04 19:21:42.426318,88073.84,60652.00848,88405.4,81500.0
2025-03-04 19:21:43.604094,88077.49,60639.79701,88405.4,81500.0
2025-03-04 19:21:44.780865,88085.07,60636.99196,88405.4,81500.0
2025-03-04 19:21:45.963212,88085.06,60636.67295,88405.4,81500.0
2025-03-04 19:21:47.140924,88078.28,60636.47265,88405.4,81500.0
2025-03-04 19:21:48.319985,88078.27,60634.97072,88405.4,81500.0
2025-03-04 19:21:49.499438,88069.63,60635.69637,88405.4,81500.0
2025-03-04 19:21:50.676631,88066.98,60637.33587,88405.4,81500.0
2025-03-04 19:21:51.853654,88032.85,60637.66571,88405.4,81500.0
2025-03-04 19:21:53.031776,88029.14,60637.36113,88405.4,81500.0
2025-03-04 19:21:54.205631,88008.62,60637.97482,88405.4,81500.0
2025-03-04 19:21:55.382748,88013.0,60636.78003,88405.4,81500.0
2025-03-04 19:21:56.573762,88018.86,60636.86689,88405.4,81500.0
2025-03-04 19:21:57.752272,88046.78,60636.97012,88405.4,81500.0
2025-03-04 19:21:58.929017,88074.91,60635.52371,88405.4,81500.0
2025-03-04 19:22:00.106322,88066.24,60635.94096,88405.4,81500.0
2025-03-04 19:22:01.283226,88060.0,60635.34399,88405.4,81500.0
2025-03-04 19:22:02.462082,88099.98,60634.85362,88405.4,81500.0
2025-03-04 19:22:03.646863,88103.15,60634.46475,88405.4,81500.0
2025-03-04 19:22:04.827195,88109.88,60637.91898,88405.4,81500.0
2025-03-04 19:22:06.005285,88096.99,60638.74728,88405.4,81500.0
2025-03-04 19:22:07.185073,88085.35,60638.14815,88405.4,81500.0
2025-03-04 19:22:08.368390,88096.46,60637.57783,88405.4,81500.0
2025-03-04 19:22:09.545419,88073.24,60636.35654,88405.4,81500.0
2025-03-04 19:22:10.723509,88077.97,60636.63382,88405.4,81500.0
2025-03-04 19:22:11.900376,88077.97,60636.05843,88405.4,81500.0
2025-03-04 19:22:13.080946,88085.35,60635.10613,88405.4,81500.0
2025-03-04 19:22:14.255452,88073.78,60635.46421,88405.4,81500.0
2025-03-04 19:22:15.435395,88067.93,60634.83352,88405.4,81500.0
2025-03-04 19:22:16.612053,88042.3,60633.21239,88405.4,81500.0
2025-03-04 19:22:17.787698,88028.21,60633.38786,88405.4,81500.0
2025-03-04 19:22:18.965398,88020.01,60633.40473,88405.4,81500.0
2025-03-04 19:22:20.143216,88012.11,60632.92864,88405.4,81500.0
2025-03-04 19:22:21.322700,88019.93,60633.27284,88405.4,81500.0
2025-03-04 19:22:22.500525,88056.63,60633.29716,88405.4,81500.0
2025-03-04 19:22:23.675975,88071.44,60633.64911,88405.4,81500.0
2025-03-04 19:22:24.853768,88076.77,60633.60962,88405.4,81500.0
2025-03-04 19:22:26.042306,88083.27,60633.48756,88405.4,81500.0
2025-03-04 19:22:27.217007,88125.69,60639.06096,88405.4,81500.0
2025-03-04 19:22:28.393853,88130.18,60637.7795,88405.4,81500.0
2025-03-04 19:22:29.571834,88120.31,60637.83215,88405.4,81500.0
2025-03-04 19:22:30.751640,88126.5,60636.50916,88405.4,81500.0
2025-03-04 19:22:31.928658,88114.39,60636.3733,88405.4,81500.0
